step,loss,param_0,param_1,grad_param_0,grad_param_1
0,0.037733392904375086,0.9830121995132198,1.2655448127386437,0.19504653724563836,0.34080910117806396
1,0.03142384751491865,0.973386854795591,1.239632254073439,0.13834664890981685,0.25273926755150994
2,0.026995049772512908,0.9634499000588296,1.2057363908551109,0.023370919900372718,0.04629282245482408
3,0.0269936393267539,0.9615317688776946,1.198079042144173,-0.013684322207294382,-0.025819217169228963
4,0.026936064599957604,0.9622534980525044,1.2008138313159413,0.00031996874787371034,0.0016924824212063072
5,0.026936064363460646,0.9622534980107282,1.200813824544757,0.000319912734106898,0.001692374799178211
