step,loss,param_0,param_1,grad_param_0,grad_param_1
0,0.07780747553985667,0.9861640611368875,1.2765737664840477,0.15304741758773693,0.2553957165535886
1,0.07459292835925908,0.9789244332702169,1.2585191768293116,0.11307248007374865,0.19434829215634494
2,0.07178109772988409,0.9694008199385327,1.2305608443449518,0.031264444660412304,0.05512436065945952
3,0.07172767237230858,0.9658093653395015,1.2194627103988338,-0.01164972491519833,-0.023680203942735383
4,0.07166132939429988,0.9667453859799602,1.2228188229057193,0.0018818911065770043,0.001544104684832872
5,0.07166132965098265,0.9667453859799602,1.2228188229057193,0.001881897555813368,0.0015441141055796866
