step,loss,param_0,param_1,grad_param_0,grad_param_1
0,0.08652211794060488,1.05,1.5,0.22847591251561677,0.26336590204602345
1,0.05756265998728357,0.9326515235838064,1.317525997972103,0.04729399025527961,0.046969662982207935
2,0.057131186580232196,0.9195009026422315,1.3017395452132372,0.0020648822868404903,-0.026635663337530147
3,0.05708307713538117,0.9188153975953376,1.3075045211970588,0.012986656271477867,-0.008016753566022747
4,0.05701162642993547,0.9126329965663326,1.3140914588007617,0.0181655100145747,0.001574533272956655
5,0.05701136486258322,0.9121262089150274,1.3154142121661565,0.020101567836362088,0.004846173443724945
6,0.05700879765266638,0.9110683837140191,1.3173092012085121,0.022435470889973136,0.00883487592890125
7,0.05700879779772711,0.9110683837140191,1.3173092012085121,0.02243546820951986,0.008834871343015202
