step,loss,param_0,param_1,grad_param_0,grad_param_1
0,0.059031208006506145,0.9579531112876927,1.177836415742231,0.07902960369281839,0.10991132679231953
1,0.058668403595999785,0.9557077059947996,1.1736224616305206,0.04438529350248991,0.03896093940584976
2,0.05859078198110548,0.9528406223217615,1.1713037364802827,0.017061189160705665,-0.017941727572126122
3,0.05799099580632224,0.9213596598740186,1.1837213748758422,-0.005574333573752284,-0.059943291110237135
4,0.05783297796526527,0.9199112354776285,1.1889052044957185,0.029982734356425223,0.012791029679376956
5,0.05745771399190741,0.9,1.1964772153044525,0.011773867648500008,-0.021225318464388885
6,0.05743379700716142,0.9,1.197711943044117,0.021455513425706806,-0.0020159634438303674
7,0.057432418023980275,0.9,1.197841523968806,0.022453648289730493,-4.250586067817974e-05
8,0.05743239066208127,0.9,1.197844314983307,0.022475111116361954,-8.525308663534514e-08
