step,loss,param_0,param_1,grad_param_0,grad_param_1
0,0.019584309049296672,0.985620011083299,1.274674209091692,0.15478687609729688,0.2646521664523014
1,0.01606885861389357,0.9784434426059202,1.2563705326124026,0.11476560094939392,0.202557751625176
2,0.012943381680861286,0.9694878082725349,1.2290356905872994,0.03498683929216293,0.06493374828714063
3,0.01277483781843068,0.9656782963426861,1.2160701838214212,-0.01579398170007368,-0.029840112117208037
4,0.01270966450079307,0.9668564513523157,1.220156034676913,0.0013960300077236077,0.0027654779209094612
5,0.012709665052194856,0.9668564513523157,1.220156034676913,0.0013960615055642997,0.002765530148822575
