step,loss,param_0,param_1,grad_param_0,grad_param_1
0,0.013838646969898746,0.9856565374085868,1.2747920507764159,0.14526064713669778,0.2420433349030466
1,0.010747988565060096,0.9785725867426865,1.2574506050049687,0.11057325130077214,0.1876252588401166
2,0.00787852830515388,0.9687213715962143,1.2306651968962703,0.03788686851748631,0.06172100091476774
3,0.0077528175225222845,0.9634968803771214,1.217586175186387,-0.011997920693302015,-0.03144264785211148
4,0.007666864981949606,0.9646528472318522,1.2220541940736913,0.00531436810883098,0.001451680435161645
5,0.007666865053506901,0.9646528472318522,1.2220541940736913,0.005314371090717938,0.0014516855692869365
