step,loss,param_0,param_1,grad_param_0,grad_param_1
0,0.015697235884410958,0.985555193485121,1.2744405264727212,0.15502544771316215,0.2658330930164691
1,0.012143216239318532,0.9783853073936529,1.256104936709153,0.11499442726612144,0.2036006933660905
2,0.008980150918126402,0.9694989806279106,1.2288590691214494,0.03549461172484409,0.06622865973190513
3,0.008795055468252287,0.9656579099778169,1.2156503427481822,-0.01634485370922842,-0.030714747317656006
4,0.008730133669562122,0.9668662340494064,1.2198367600530304,0.001357533955856955,0.0029359261389395584
5,0.00873013366033616,0.9668662246039568,1.2198367199283693,0.001357371056306022,0.002935619365749727
