step,loss,param_0,param_1,grad_param_0,grad_param_1
0,0.0963363866033165,1.05,1.5,0.2901371162601871,0.3333367295841002
1,0.05148916511481075,0.9,1.2576034088974755,-0.04389257403873052,-0.11153092492537961
2,0.05083406840487872,0.9068328606234333,1.280937556633023,0.038872602277542356,0.034217909126758594
3,0.050709308609518694,0.9022790984687828,1.276222843839368,0.019300675312673213,0.000878122401507286
4,0.05068336209569638,0.9,1.276244353060444,0.01566477928011971,-0.005295576935101088
5,0.050680129037175684,0.9,1.2767114831773434,0.016986776714272428,-0.003012565387160944
6,0.05067697146579176,0.9,1.277327888303608,0.018720064252641666,-2.4682520056546267e-05
7,0.05067695057420965,0.9,1.2773329803478979,0.01873432861591598,-1.1862193496393891e-07
