step,loss,param_0,param_1,grad_param_0,grad_param_1
0,0.07563124031740293,1.05,1.5,0.22178260444543843,0.28578765381171345
1,0.046529208897113934,0.9366303879539408,1.292448238008522,-0.00582019563545221,0.012531718537480061
2,0.04652009461159354,0.940730191606621,1.2819296239105,-0.022674398599631614,-0.01670887122305303
3,0.04638272837920821,0.9505801583999998,1.2790835885192915,-0.015537595813864897,-0.0059026398956636
4,0.045792713183065416,1.0214423833221773,1.2448918307949461,0.00040272602300378893,0.013217799096442457
5,0.04576882802606482,1.0274599576669794,1.2354982831979968,-0.011705098825604453,-0.010195454681985891
6,0.04563558914660519,1.05,1.2268678371823647,-0.0037521464855334342,0.0019090765632151924
7,0.04563558909331597,1.05,1.2268677828511134,-0.003752246512054436,0.001908884141700696
