step,loss,param_0,param_1,grad_param_0,grad_param_1
0,0.1148396970380928,0.9865812879269753,1.278033025119204,0.14457600991134173,0.14389895062294575
1,0.11310890705141458,0.9787202566448764,1.2683089142213213,0.12416575544933546,0.10917986870391988
2,0.11060297699571307,0.9326592274813275,1.236694290441928,-0.007189547865783401,-0.1291363270304981
3,0.10970247274425984,0.9364440002236056,1.253128777345472,0.048777761703171274,-0.025905967887315376
4,0.10797386325412166,0.9,1.2790375147678819,0.0659645063912291,0.002992346401147865
5,0.10797334432951008,0.9,1.278785807793156,0.06532778290654663,0.0019207082161975617
6,0.10797291870666952,0.9,1.278334670775812,0.06418160431397,-1.0550779165374377e-05
7,0.10797291867922416,0.9,1.2783346909599882,0.06418165562902302,-1.0464201727945072e-05
