step,loss,param_0,param_1,grad_param_0,grad_param_1
0,0.041803950057518455,0.9828329072562361,1.2649178027809358,0.19752185949733259,0.3453485142230612
1,0.03529021218289625,0.9730389649043049,1.2384635001343192,0.13953384523691528,0.2553123620279751
2,0.030828614879814156,0.9632112128225887,1.204706254371634,0.024171137708653277,0.04798283955713604
3,0.030763949343959915,0.9623679973315652,1.20130659489223,0.008299704622284753,0.01734504866544249
4,0.03076247747021049,0.9622600516236729,1.2008061284384308,0.005903715097147943,0.01268156665411989
5,0.030762469257426064,0.9622245695109365,1.2006059615855336,0.004955796818696817,0.010833135781461776
6,0.030762469395787022,0.9622245695109365,1.2006059615855336,0.0049557942916558725,0.010833129363706227
