step,loss,param_0,param_1,grad_param_0,grad_param_1
0,0.08584601387691429,1.05,1.5,0.24988199613683748,0.33365081246057954
1,0.052641156361428354,0.9681099773133914,1.3370700820167425,0.1463451421641449,0.27047115912562025
2,0.04247190647277678,0.9475318575271241,1.2503373775318645,-0.0193600441263812,0.017626243639526813
3,0.04203293566790737,0.9668919016535052,1.2327111338923376,-0.037969816986002936,-0.01802126959995993
4,0.040947653330881024,1.05,1.1752946702004117,-0.07859455637966509,-0.11438481847688411
5,0.04026912185384574,1.05,1.1850854604905954,-0.04507754616953179,-0.0433696880837912
6,0.040127901228937383,1.05,1.1910647992403611,-0.02701223024291723,-0.006230336905667919
7,0.04012181671402371,1.05,1.1920678672451166,-0.0241368191155912,-0.00039936088832509715
8,0.04012157458200002,1.05,1.1921365669153328,-0.023941419981362615,-3.947923236545178e-06
