step,loss,param_0,param_1,grad_param_0,grad_param_1
0,0.12182177424631321,1.05,1.5,0.28220938789497196,0.31805330361955575
1,0.08027612433414438,0.9,1.2655249222267948,-0.029550955984091853,-0.09521839048024063
2,0.07971737623045072,0.9050554693987652,1.287458481388113,0.040331764877676354,0.026724136936612658
3,0.07959878436760888,0.9,1.283982185265237,0.024302166683811778,-0.00038715668940327713
4,0.07959847357946004,0.9,1.284040269752341,0.02445391353926077,-0.00012808927807519098
5,0.07959832365217731,0.9,1.2840689881464544,0.024528904533732288,-8.045389265562419e-08
