step,loss,param_0,param_1,grad_param_0,grad_param_1
0,0.15544843786107262,0.9818641829084004,1.2615248402434784,0.1972341072217842,0.3850189483222426
1,0.14754634361246938,0.972287341662141,1.2313126768794618,0.1311223439426236,0.28197040616548436
2,0.14278088321513963,0.9661058385489164,1.1973163486612888,0.013606270497236417,0.06660634986353858
3,0.14276212475893008,0.9667923044063127,1.186037078811713,-0.03868919693167523,-0.03877713684313826
4,0.14263031409213622,0.9680681909779593,1.1893022572927707,-0.018619724867361048,0.001974506872469195
5,0.14245127029490248,0.977499601594809,1.1867812366747503,-0.00785951532923016,0.022185612089971482
6,0.14174005983056542,1.0262009584613632,1.1672879878586182,0.011923355248497624,0.055388752618595063
7,0.14160326601286571,1.029754868937225,1.1600487423902477,-0.013394738621012951,0.0011313895749139324
8,0.14160326579968321,1.029754877469363,1.1600487163419262,-0.013394847805615812,0.0011311543528992538
