step,loss,param_0,param_1,grad_param_0,grad_param_1
0,0.011811003505241082,0.9855818045077881,1.2745332008752905,0.14710942849103714,0.24701754462150907
1,0.008612647636697574,0.9784869181400648,1.2569881109451153,0.11153017518932457,0.19119744821820578
2,0.005663456415550435,0.968876175812997,1.2302019975504843,0.037958354040660586,0.06363675936761698
3,0.005514122742022698,0.9638663079491772,1.216868702432668,-0.01320101097576845,-0.03209483886134312
4,0.005431684537517931,0.9650660981854906,1.2213884720836137,0.004668895479059395,0.0019254402778632381
5,0.005431684623691136,0.9650660981854906,1.2213884720836137,0.004668899968243113,0.0019254480549483477
