step,loss,param_0,param_1,grad_param_0,grad_param_1
0,0.15078803457662598,1.05,1.5,0.19501780933406088,0.27886404977783774
1,0.12541759288031082,0.9486254662141793,1.2816023169717625,-0.024253649021206605,0.03632398780426545
2,0.12520993414724418,0.9560834081063004,1.2653967969208837,-0.048529709846434316,-0.006242140154216411
3,0.12376327732535411,1.0084999545264162,1.2293765627270372,-0.056051895023837145,-0.03049169706553627
4,0.12240818677162812,1.05,1.2162012008507945,-0.030041539347283566,0.01096475099260453
5,0.12240818676560575,1.05,1.2162012003766685,-0.030041532947090152,0.010964760476595855
