step,loss,param_0,param_1,grad_param_0,grad_param_1
0,0.11737468325303782,0.9836871803666231,1.2679014601083736,0.15456117300507458,0.31554798801161343
1,0.11229390857715776,0.9765929353222917,1.244484129442516,0.1095393866270084,0.2479078264826698
2,0.10767439537687827,0.9712814496850534,1.2062771359152598,-0.0011823320321032605,0.05218813558880657
3,0.10755701497399593,0.9739954300426268,1.1945860874664218,-0.043115828782989404,-0.030390481663702843
4,0.10744495774262419,0.9763797938322267,1.1962608111960447,-0.030312730535114435,-0.0051163529537277055
5,0.10721990653504529,0.9861187683519723,1.1945260731419496,-0.01655973550996566,0.02119315028423733
6,0.10646841590315634,1.0286440757812776,1.1798237455628229,0.008835778993010409,0.0694335714805727
7,0.10613794548534675,1.0336519564786084,1.1681502791469571,-0.026322136249690993,-0.0036775845480300287
8,0.10613794555518201,1.0336519564786084,1.1681502791469571,-0.026322148136364968,-0.003677609344750636
