step,loss,param_0,param_1,grad_param_0,grad_param_1
0,0.1288066228241598,0.9863300986842338,1.277158875049036,0.09468987051403621,0.2407994502879049
1,0.12614831968869533,0.9821800085507052,1.2586029893854178,0.06297590015838331,0.1939491122216982
2,0.1230033717556213,0.9824550902697607,1.218250142879928,-0.025933147448635615,0.04123788554749927
3,0.12271802718093425,0.9910574665207699,1.202298277826015,-0.06148808172112643,-0.027517195529810055
4,0.12061438436679552,1.05,1.1658738515190914,-0.08258438424747457,-0.0786075458537551
5,0.12021810490786652,1.05,1.1729738255668245,-0.05670222064692346,-0.023780872660668646
6,0.12014622102066037,1.05,1.1760534138199465,-0.046476631696478005,-0.002578856415977906
7,0.1201412062701229,1.05,1.1764279921540766,-0.04527014809396194,-9.551760893570377e-05
8,0.12014102900252263,1.05,1.1764423997035958,-0.04522389856624485,-3.988960394496477e-07
