step,loss,param_0,param_1,grad_param_0,grad_param_1
0,0.025789810472426167,0.9618752131914503,1.1915536426344724,0.05486903655534206,0.07578165741859788
1,0.025605425849331013,0.9602118339582882,1.1884770910402886,0.035267473014671,0.036858305214832784
2,0.025540653778450908,0.957222050314546,1.1855622540748934,0.010998194536183333,-0.011959272811355021
3,0.02519848873424487,0.9339491348847325,1.1979827010761388,0.015425157796497635,-0.00030792991707086215
4,0.025194543476382225,0.9338182000934623,1.1984911593465366,0.017944044255322637,0.004686294932774601
5,0.024803856309835687,0.9,1.2136153853778164,0.003983978571912193,-0.01854187034137038
6,0.024780479487996478,0.9,1.2152633108311979,0.013686069248323786,-5.139771473417626e-06
