step,loss,param_0,param_1,grad_param_0,grad_param_1
0,0.06021834450734061,1.05,1.5,0.1592223228838183,0.22343673893175547
1,0.04249884512925434,0.9689556841740956,1.336151489474585,0.025580629147511674,0.08059748213234405
2,0.041720456627865145,0.9655590923738785,1.300424269593207,-0.025204818069694955,0.0025355049430903246
3,0.0399690068865121,1.05,1.2448790496309774,-0.031980595674409,-0.013847786475787525
4,0.03991528729655834,1.05,1.2497391333273287,-0.02426636807891818,0.00016858434486295183
5,0.039915287335048504,1.05,1.2497391333273287,-0.024266368253321326,0.000168583751536543
