step,loss,param_0,param_1,grad_param_0,grad_param_1
0,0.022887504098574377,0.9861160082850234,1.2764089667221536,0.1283233009544282,0.23757615526156783
1,0.02010084620990573,0.9801767718060186,1.259835299879991,0.09523753379350686,0.18561880504748623
2,0.017306516825779727,0.9728329033758568,1.231476911969405,0.0216136302311656,0.05755670561057624
3,0.017159745843623963,0.9714199971975064,1.2183042451110926,-0.021293567726083498,-0.0234000613175112
4,0.017104779487741275,0.9728400860240716,1.2217307035002605,-0.007443873076549716,0.00305958690183911
5,0.016933772285264267,0.9945119207657952,1.210456456695612,-0.006319476970827506,0.002791196572385482
6,0.016605544325891154,1.05,1.1812590659385447,-0.008353254283278766,-0.008297571107065405
7,0.016596341919819995,1.05,1.1824613774865607,-0.0045520518303648885,-0.0003794893375185168
8,0.016596100965151118,1.05,1.1825190005859585,-0.004371713342600624,-4.7383469755930135e-06
