step,loss,param_0,param_1,grad_param_0,grad_param_1
0,0.008556887237504047,0.9853570936590355,1.273747192852641,0.15576696774633353,0.2694035742209669
1,0.004886248454169881,0.9782057405409923,1.2553169317024808,0.11570486439290739,0.20675308012212695
2,0.0016127717977830623,0.9695238649946796,1.2283516863674324,0.03707171538942437,0.07020164343596405
3,0.0013750522199753056,0.9655822159228468,1.214401541829101,-0.01804480036323147,-0.03348648432738364
4,0.0013110211595539233,0.9668813456944236,1.2189021926808161,0.0012739184840224681,0.0034769051285650577
5,0.0013107642451199528,0.9668125673150639,1.21847001880502,-0.00040507916793164323,0.00028348385281249484
6,0.001310764246664211,0.9668125673150639,1.21847001880502,-0.0004050790160594242,0.000283484111452231
