step,loss,param_0,param_1,grad_param_0,grad_param_1
0,0.07178191982923064,1.05,1.5,0.2459831907722033,0.28794800853451086
1,0.03746171100861184,0.9205432145050698,1.2921883108913377,0.010223383271823046,-0.007253304072643347
2,0.03739771389065219,0.9141875942974172,1.2978869130335384,0.014054603778405391,0.00020300784836066975
3,0.03739771391481592,0.9141875942974172,1.2978869130335384,0.014054603218030612,0.00020300686891125842
