step,loss,param_0,param_1,grad_param_0,grad_param_1
0,0.05674600004968749,1.05,1.5,0.1717319919096178,0.23659317644270286
1,0.036418832601430855,0.9614584914008286,1.324405866595921,0.021136337775082933,0.07267487389284472
2,0.035876025226577055,0.9589024973748353,1.295156797865033,-0.02441070743281375,0.0013059162954215352
3,0.03406212658679223,1.05,1.2409329270192841,-0.023781423782166244,-0.002648353429758516
4,0.034054086951111895,1.05,1.2420935832208968,-0.02184539415002653,0.0008998301622400763
5,0.03405408691892882,1.05,1.242093579157523,-0.021845400977258723,0.0008998180231986376
