step,loss,param_0,param_1,grad_param_0,grad_param_1
0,0.04836506906838807,0.9852233968403769,1.2732830484435493,0.1552781304182341,0.24665391523607702
1,0.04504637586760151,0.9780168465449898,1.2567124667292053,0.11904457518785053,0.19031096080295756
2,0.041811086822906955,0.9671393146979445,1.2307968088005676,0.04132300856909974,0.05673093739254371
3,0.04153824270800382,0.961121860961473,1.2199267255303576,-0.0058996346080098395,-0.030481445869381393
4,0.04150880258284334,0.9618208606511198,1.2237544849344857,0.009181109256310896,-0.0021024469470869757
5,0.04130221140913335,0.9390166198349784,1.2370789984386041,0.01088228271243532,0.003634920016731504
6,0.04130221137265784,0.9390163041211481,1.2370796138020466,0.010883808696352805,0.003637726882440436
