step,loss,param_0,param_1,grad_param_0,grad_param_1
0,0.0452038773794138,0.986614408384784,1.2781512306390908,0.11263592775901285,0.21844551256963118
1,0.04289752467690118,0.981384520535227,1.262692846873835,0.08322779559296162,0.1722402014482517
2,0.040424605004518555,0.9750142357021593,1.2334488340296932,0.012450256604178856,0.04923911577297565
3,0.040322559598981025,0.9751717691100115,1.2210065792851368,-0.023133716269834015,-0.017902794922375415
4,0.040265927100154954,0.9768616474503611,1.2233743137632547,-0.01304507225713506,0.0012681490141677534
5,0.04022818915028665,0.9797224480647807,1.2228620982922116,-0.009944275809361917,0.006893301491889695
6,0.03992812203952639,1.0084867857910893,1.2126911899559873,0.004800377975946258,0.032662110987439194
7,0.03943864281649437,1.05,1.1870343902870009,-0.00726087612821614,0.004351747364196239
8,0.03943864280564248,1.05,1.1870343880470002,-0.007260882108885852,0.0043517351499182885
