step,loss,param_0,param_1,grad_param_0,grad_param_1
0,0.029619198926002725,0.9857558489731832,1.2751426540917463,0.1543247239970815,0.2623081662046768
1,0.02618002520640812,0.9785650635075497,1.2569010431679768,0.1143181384733294,0.2004813765078171
2,0.023130925321494515,0.9694703448963917,1.2293956070885756,0.033999343477422755,0.06238930557431517
3,0.02299401414291516,0.9657213196509119,1.2169101521553383,-0.014714465698560348,-0.02816280098833085
4,0.02292840743753195,0.9668390386823639,1.220801192879575,0.001488855659555653,0.002437843943237516
5,0.02292840750776615,0.9668390386823639,1.220801192879575,0.0014888578828453035,0.002437847421997638
