step,loss,param_0,param_1,grad_param_0,grad_param_1
0,0.011875611665022916,0.9855862806931255,1.2745517823106323,0.15325212893619228,0.24641178612241718
1,0.008658150577633915,0.9783837557554359,1.2577741702747702,0.11697229797295025,0.18925887831756705
2,0.005588692413381492,0.9674089993446776,1.2313162683515482,0.03878750019560975,0.05348611025004687
3,0.005405117876308544,0.9617351674492899,1.2210254991037628,-0.004896257310892332,-0.027751785734439694
4,0.005363261104311869,0.9623223021286422,1.2245671899816768,0.00862435838548642,-0.0021765038945294494
5,0.005193880991070228,0.9401104539040183,1.2384813901045515,0.014441538396351901,0.010563950004620291
6,0.0049304282054349145,0.9,1.2596952356951148,0.009045926809865214,0.004193861241745469
7,0.0049295883071832705,0.9,1.2591927469180908,0.007317738578121145,0.001168655294136285
8,0.004929553815308101,0.9,1.258998632474419,0.006646907694380184,-7.111748637801674e-06
