step,loss,param_0,param_1,grad_param_0,grad_param_1
0,0.05873077320209595,0.9860251425288279,1.276093799024806,0.15345484800005738,0.257679520185622
1,0.05544203540885797,0.9788025841906524,1.2579766563643853,0.11347086400749556,0.19637536951664925
2,0.05254989273235245,0.9694236169725975,1.2301594464678305,0.03213681625923007,0.057482858043573226
3,0.0524705052920688,0.965783662699845,1.2186082790060098,-0.012643196464675098,-0.025084950489518837
4,0.05240431768809882,0.9667804320648272,1.2221344205034599,0.0017325418887665167,0.0018291306830987269
5,0.052404317701798035,0.9667804320648272,1.2221344205034599,0.001732542541606149,0.0018291317317765243
