step,loss,param_0,param_1,grad_param_0,grad_param_1
0,0.07371309177675901,1.05,1.5,0.25843292619001185,0.33666724818386407
1,0.041454911252091706,0.9669299915071499,1.3389896618938584,0.15417909729138435,0.27453907460340354
2,0.031564233039370254,0.9466963308085753,1.2516249598748619,-0.014521595542485208,0.0174671336801237
3,0.031392931079910334,0.9612179263510605,1.2341578261947381,-0.04043172135849982,-0.032132637613905404
4,0.030119663719990912,1.05,1.1855012239473273,-0.038004500423981055,-0.044458586553588565
5,0.02994622380686429,1.05,1.194174756891325,-0.012570665963028796,0.007154353301709304
6,0.029946213351957383,1.05,1.1939968655700488,-0.013060525853886529,0.006175957966182468
7,0.02994621335333755,1.05,1.1939968655700488,-0.013060525983491469,0.006175957766742342
