step,loss,param_0,param_1,grad_param_0,grad_param_1
0,0.19700173269071092,0.9866420094487056,1.2782485837389068,0.07920873838912626,0.23276948462502378
1,0.19457548765964836,0.9833483187954547,1.2596951397503044,0.049576659052720636,0.18990061328074537
2,0.19139085790381838,0.9868985197842657,1.2165709847910333,-0.03767483292292622,0.04149994084623863
3,0.19091653418754068,0.9996635910782481,1.1961049412435159,-0.07970604968214051,-0.04037152367500048
4,0.18866106109426742,1.05,1.1644920049478509,-0.09959295951759933,-0.08822900356361685
5,0.18816362804905432,1.05,1.1721072105596144,-0.07187413568374534,-0.029443813137637168
6,0.1880525244241245,1.05,1.1759214482853522,-0.0593902637704842,-0.003608806879263536
7,0.1880435310386468,1.05,1.1764542465825976,-0.05771261079644788,-0.0001694494032476318
8,0.18804312761900818,1.05,1.1764804963557454,-0.05763035767058265,-1.0252909761546136e-06
