step,loss,param_0,param_1,grad_param_0,grad_param_1
0,0.024225028712614675,0.9856876843470662,1.2749081711404529,0.1545537998941876,0.26347803446473117
1,0.020747747588522204,0.9785040041534324,1.256635182864969,0.11453938050898446,0.20151676774539568
2,0.017660308088519112,0.9694791089209576,1.2292139716856472,0.03448812079015698,0.06365338892918253
3,0.017507826009740976,0.9657003739200907,1.2164896919305555,-0.015250252742006951,-0.028989148487871957
4,0.017442426000722246,0.9668482899924595,1.2204770311263275,0.001439856561771684,0.0025994449556822393
5,0.01744242608427817,0.9668482899924595,1.2204770311263275,0.001439859880164475,0.0025994502836342217
