step,loss,param_0,param_1,grad_param_0,grad_param_1
0,0.06451856664806067,1.05,1.5,0.25765470258348433,0.3043360715280986
1,0.026921838676344574,0.9121219725762,1.2741294499424902,-0.029725248437440198,-0.07133992386067375
2,0.02666057786830183,0.9169611843255591,1.2901582740054358,0.019150073226272178,0.012698118663511868
3,0.026615620517211454,0.9142266793981081,1.2882239433553788,0.010621840323200092,-0.0014089869109060638
4,0.02658480961328063,0.9102652922841097,1.288753010338889,0.005935723075962649,-0.008799615674890024
5,0.026509040888847844,0.9,1.2942691458346325,0.0036587301547974832,-0.011025246392405215
6,0.026505348955905107,0.9,1.296158411484057,0.008299186565107758,-0.003215646550412551
7,0.026505348949753264,0.9,1.2961584310369854,0.008299234669871487,-0.003215565838945993
