step,loss,param_0,param_1,grad_param_0,grad_param_1
0,0.008224422458446418,0.9849731288683911,1.272407475033724,0.16159424388295207,0.28107990861374565
1,0.004185949091427434,0.9775115098658962,1.2530046385629157,0.11954449577692358,0.21518628869702955
2,0.0007681145623823884,0.9691683940760084,1.2266310737738824,0.042326436420496875,0.0806446147568748
3,0.0004654466405036156,0.964776745059674,1.2107184895530039,-0.022063454487972874,-0.04133530123015666
4,0.00037377381137805425,0.9662901512704717,1.2161062482195675,0.0018756780925716162,0.0048739650125938
5,0.00037302608076640836,0.9661915435434472,1.2155276234363752,-0.00045456271977317416,0.00041099827582917253
6,0.00037302414308849674,0.9662459398536692,1.2154559789647408,-0.0006117955915025344,0.00010176510752222699
