step,loss,param_0,param_1,grad_param_0,grad_param_1
0,0.033805853915413436,0.9843144928754023,1.2700997098290494,0.17768841260066737,0.30584229599171436
1,0.028944497648626857,0.9759588397634207,1.2486956349662868,0.12973574885491873,0.22999065742085725
2,0.024880750627427943,0.964770564723828,1.2151419087716262,0.018532552114964775,0.02955664434092509
3,0.024853853199138694,0.9628292890519954,1.210236519880157,-0.004462476054372485,-0.014945864767942386
4,0.02483952581688466,0.9631532518942983,1.2119112263633276,0.002941221583409408,-0.0004960011208832958
5,0.024832220319241958,0.9573278103702738,1.2147184371582551,0.0019817009971406082,-0.0017458152357544927
6,0.02482247236642323,0.9061455137030892,1.2408545739351584,-0.003990447348920328,-0.007781439037418086
7,0.024819374745717607,0.9045567368195981,1.2425697100372917,-0.0005923918855749706,-0.001389034758174694
8,0.02481937473291512,0.9045566994665483,1.2425697325249463,-0.0005923872710795286,-0.001389022505172013
