step,loss,param_0,param_1,grad_param_0,grad_param_1
0,0.06789227384526453,0.9860955784408918,1.2763319215700646,0.15324749551968414,0.2565333155490622
1,0.06464097167316733,0.9788652070183219,1.2582474992787065,0.1132716255457912,0.1953630622207045
2,0.061788713642355435,0.9694139671912664,1.23035792174216,0.031696894808769915,0.05629774637002327
3,0.061722529443011064,0.9657986084098575,1.2190339378401644,-0.012143807479253187,-0.024373397093861042
4,0.06165624626639369,0.9667650942145889,1.2224742852678803,0.0018052512290209653,0.0016853977381402008
5,0.06165624629008865,0.9667650942145889,1.2224742852678803,0.0018052521302116603,0.001685399153240133
