step,loss,param_0,param_1,grad_param_0,grad_param_1
0,0.12979560943544124,0.9866696079878363,1.2783460877174184,0.1437344637859302,0.13536957412909753
1,0.1281560264458282,0.9787647694551779,1.2692317475288775,0.1245026183700648,0.10238766411715636
2,0.12550936823761924,0.9300386661665545,1.2395101149592906,-0.0027819980266382965,-0.12857673234300782
3,0.12456819185731408,0.9322392515058574,1.2554301689350753,0.04844099571856973,-0.03443476537494565
4,0.12289941297608056,0.9,1.2812793437413221,0.07104149120058866,0.0036341516333119814
5,0.12289833475123393,0.9,1.2809294817849017,0.07018318699329454,0.002195673119489325
6,0.1228974207095563,0.9,1.2803954574766743,0.06886600700936533,-1.4963503240714507e-05
7,0.12289742072861085,0.9,1.2803954574766743,0.068866007071672,-1.4963420425024437e-05
