step,loss,param_0,param_1,grad_param_0,grad_param_1
0,0.016425767817931237,0.984145523298634,1.2695070413435363,0.17729254335078926,0.30878519363004425
1,0.011426260915976566,0.9756978817928199,1.2472286603119023,0.1289258078728895,0.23336287851586765
2,0.007305541728998048,0.9651883740950823,1.21292859516654,0.01790142227659886,0.03526554477463791
3,0.00728654721708526,0.9635722287400681,1.2067785170696292,-0.009522779435127623,-0.017543982386467656
4,0.007260326451390869,0.964147155119256,1.20881451637404,3.175275131072665e-06,0.0009384810551080099
5,0.007260326316494569,0.9641471559404486,1.2088145097780671,3.161105433277349e-06,0.0009384532155790708
