step,loss,param_0,param_1,grad_param_0,grad_param_1
0,0.011755351343153855,0.9848873773164846,1.2721044839281335,0.16458355335663574,0.28497040959307807
1,0.0075966211077755095,0.9772827927152851,1.2525037090764064,0.12157058763815214,0.21727439140296745
2,0.004133563687032097,0.9687569595042594,1.2262654723607391,0.043478196984812076,0.08054413562441315
3,0.0038264099901081632,0.9641193163261168,1.2107468931149064,-0.020613865238016553,-0.04133550565700984
4,0.003738812229335236,0.9655759867703441,1.2160283909285174,0.003003090249803653,0.004424170318641712
5,0.003737968815821232,0.9653684234823143,1.2155292889298268,0.0007288464064899665,6.524757614172899e-05
6,0.0037379688124145414,0.9653684089249248,1.2155292885726845,0.0007288150448762282,6.51889238838764e-05
