step,loss,param_0,param_1,grad_param_0,grad_param_1
0,0.06487097482695348,0.9859628777341154,1.2758707797491717,0.11399387735678408,0.2506738091133498
1,0.0618974520357876,0.9808078054844019,1.2573215376672542,0.07966800998990994,0.19881583884789533
2,0.05869900865873121,0.9773619780625515,1.2197098209699555,-0.012540929624642984,0.0386582664167142
3,0.058564657720878086,0.9819532481033778,1.208257686678804,-0.04162538838215167,-0.01726492360766867
4,0.056634488494656826,1.05,1.1741830856661988,-0.03717765625208439,-0.015499085490188802
5,0.056598400485713914,1.05,1.1767846544478995,-0.028439396457032032,0.002634170108243329
6,0.05659840048332036,1.05,1.1767846542801712,-0.028439382299861097,0.0026341982942107503
