step,loss,param_0,param_1,grad_param_0,grad_param_1
0,0.11335336465793783,1.05,1.5,0.20513287793862556,0.230589762367905
1,0.09120450087934504,0.9478729531406918,1.3484015941720338,0.07249994853572875,0.07795347107904887
2,0.08992131821921481,0.9280535671644288,1.3162678767750264,0.00557222985762151,-0.0284500832046602
3,0.08984683320352735,0.926165836849367,1.3250092223912624,0.018658505478142,-0.006146609499112585
4,0.08971719892677231,0.9166108323190298,1.334603749687282,0.0241951448283357,0.0043967095728953826
5,0.08971719908821321,0.9166108323190298,1.334603749687282,0.024195138127520693,0.004396699520968788
