step,loss,param_0,param_1,grad_param_0,grad_param_1
0,0.01696729520209419,0.9834967807672386,1.2672386210169753,0.19067307544542436,0.341729569330155
1,0.01104366150528663,0.9750051654949328,1.2440713960178913,0.136524957211514,0.2569092002965033
2,0.006178926053986118,0.9651612700822263,1.2088919914992942,0.011547285272368918,0.030833679090621707
3,0.006122933818464807,0.9644830180526506,1.203966140294957,-0.011439561514360198,-0.014144363664971607
4,0.006119084446746746,0.965033577975356,1.2054063163464162,-0.0036739541397312796,0.0010987020796768606
5,0.006097079899385255,0.9723283624013739,1.2022967138978289,-0.00044831906829408466,0.006360757230263872
6,0.006018365076699487,1.0092610876249408,1.1840373696302573,0.0027486717857051193,0.0073812702644103076
7,0.006006748606204244,1.0218994743489889,1.1770373692104463,-0.000164331646778692,-0.0005322616218179643
8,0.006006748606018608,1.021899474157506,1.1770373693132514,-0.0001643315527018156,-0.000532261402267923
