step,loss,param_0,param_1,grad_param_0,grad_param_1
0,0.10039111891194819,0.9861806733412779,1.2766340776713698,0.1024177886234851,0.24477052731837548
1,0.0976098959050384,0.9816202248332448,1.258079472127581,0.06966006631224057,0.19592058096108583
2,0.0944564470032947,0.9803642617410194,1.2189126663260246,-0.0204013873139824,0.04051400082414363
3,0.09424159727499591,0.9872231307070445,1.2048920224097968,-0.05319742605953082,-0.022740758492259063
4,0.09261109727337334,1.0366481362952018,1.1756275859371987,-0.06535460026244305,-0.053187544525049577
5,0.09187692405029924,1.05,1.1767435069822307,-0.037985798994526324,0.00213052293568345
6,0.09187692397310819,1.05,1.1767434960529513,-0.03798583607190079,0.0021304482720194418
