step,loss,param_0,param_1,grad_param_0,grad_param_1
0,0.08180546413262647,1.05,1.5,0.25269622167189915,0.30241075180040944
1,0.044663684904474824,0.9150515889593482,1.275437731599963,-0.02257117667903802,-0.04838232838729218
2,0.04455358212799812,0.9186197288270409,1.2863510462218828,0.011239344334437762,0.009922345839083576
3,0.044533554074071384,0.9170986899436737,1.284688021452531,0.004956837093381855,-0.0006897198181749289
4,0.044528180304302147,0.9157800468511765,1.2848662962599127,0.003430519239043233,-0.0031988327735887334
5,0.044504440847998684,0.9074985862666072,1.2878738289973874,-0.0016196558103309302,-0.011127193125732026
6,0.04448526962262445,0.9,1.2960229844153182,0.00731957320173281,0.004569255235140339
7,0.04448054420792088,0.9,1.2950045646721486,0.004803593925574265,0.00035722017349327714
8,0.044480270172360656,0.9,1.294918193103057,0.004588957350198694,-2.7642142713286966e-06
