step,loss,param_0,param_1,grad_param_0,grad_param_1
0,0.010913226947631428,0.9857180321893452,1.2750096027089333,0.15556748202407245,0.25389487172945857
1,0.007605294140766027,0.9785183800699033,1.2580081184328444,0.11864706081111667,0.19505743103202605
2,0.004432164681499554,0.9676941847171907,1.2313997304780935,0.0395643560260778,0.056370310396919705
3,0.004219547918634925,0.9620628049776837,1.2207078172092973,-0.00596542207273053,-0.029026583138127136
4,0.004182011804004032,0.9627414866961607,1.2243735599008614,0.008377744372803333,-0.0016413743972893708
5,0.004045752911660735,0.9424544763729364,1.2352528519991115,0.007483499779447992,-0.0006146306804423593
6,0.00404160364246961,0.9408424695092733,1.237469305051941,0.012023527989379812,0.008011972995794193
7,0.0040416036188524,0.9408424550029717,1.237469325931865,0.012023578721159407,0.008012068150821913
