step,loss,param_0,param_1,grad_param_0,grad_param_1
0,0.09367147408667181,1.05,1.5,0.19869057852696953,0.2607070062989086
1,0.07051104270406053,0.951662559566159,1.317770935311524,0.021670984587136705,0.05914210959944942
2,0.07022275889378389,0.9482608140998059,1.297637232503509,-0.016023217729974962,-0.0018785558210080988
3,0.07016863212661681,0.9521692991609069,1.296735930733202,-0.013075221081173118,0.0025211086215690924
4,0.06961538204779638,1.0073107675052086,1.2719203386843354,0.0029405120791389325,0.023307252926500432
5,0.06945513600884401,1.0258507052064503,1.250206202608294,-0.016121449362803353,-0.013370805180976608
6,0.06924777583037868,1.05,1.242149633775082,-0.005688817981268001,0.0028175210199464923
7,0.06924777603688587,1.05,1.242149633775082,-0.005688819982259386,0.0028175163623578685
