step,loss,param_0,param_1,grad_param_0,grad_param_1
0,0.007627998292439474,0.9852962134665425,1.2735314574798988,0.15445793001708258,0.26686136248152553
1,0.003990320258329177,0.9781638329159487,1.255218201412637,0.11527809700646982,0.20536055002645542
2,0.0007241615987570213,0.9694204910171493,1.228445031529365,0.03814427859521727,0.07110285464358872
3,0.0004749672361734454,0.965217635250679,1.214196500323429,-0.01801579108990309,-0.034776956354577004
4,0.00040765991538371034,0.9665514578207436,1.2188841810642037,0.0019535601051736697,0.0035279908534015412
5,0.00040725309965658035,0.9664173447779102,1.2184543241374783,0.00016962862800659005,0.00013510456376878126
6,0.000407253099755807,0.9664173447779102,1.2184543241374783,0.00016962860549744576,0.00013510451992539791
