step,loss,param_0,param_1,grad_param_0,grad_param_1
0,0.1263096097813888,1.05,1.5,0.16790121624123383,0.22726615457367352
1,0.11020114382717747,0.9704380309124185,1.3486131543784183,0.0364621824432214,0.0838124833905303
2,0.10940772022842263,0.9635342379427823,1.313184546420779,-0.017082046161552327,0.00037412209858068285
3,0.1090576241456712,0.9894408820651022,1.30283235545367,-0.007430083806480085,0.013032173529857277
4,0.10889951629162549,1.0109046951252145,1.2763347922999677,-0.02765526357135259,-0.025086391693006284
5,0.10838553734308864,1.05,1.264866690303207,-0.008737733254629997,0.0034727887370816155
6,0.10838553775769595,1.05,1.264866690303207,-0.008737738449350703,0.003472776634567902
