step,loss,param_0,param_1,grad_param_0,grad_param_1
0,0.15769390895092364,0.9855019554146,1.2742606379470456,0.19441852845624963,0.24244232889765074
1,0.15413935612069501,0.9753402622752528,1.256983184282443,0.1591589379899493,0.18625245618282305
2,0.150202145034138,0.9510624073132393,1.2272377877624017,0.05547040410375854,0.0065079748276079576
3,0.14983508159579773,0.9385495956345161,1.225886705282911,0.026003444843010898,-0.04517304340048521
4,0.14908195565698443,0.9149564123605547,1.234223918524889,0.005175193720914582,-0.07658505409237452
5,0.14855054179171712,0.90906038168289,1.259140075526063,0.07962142147948378,0.05793514609951274
6,0.1480820755894498,0.9,1.2549700294896133,0.0493713629723721,0.007482865751798965
7,0.1480820756639716,0.9,1.2549700294896133,0.049371361806797895,0.007482863460621346
