step,loss,param_0,param_1,grad_param_0,grad_param_1
0,0.13218323017821076,1.05,1.5,0.21546061951964185,0.2528401363644881
1,0.10626295658849949,0.9405276678535337,1.3267478354650817,0.06037521371846224,0.08082766638741176
2,0.10539426327492571,0.9263932776726985,1.2980923277969454,-0.006589903549828585,-0.027459960137185338
3,0.10535661314930114,0.9274797206770767,1.3055471923001238,0.010102307023802624,0.0005945990169273566
4,0.105301177312555,0.9179951110332051,1.30844433003245,0.004191611936774309,-0.008662345963925552
5,0.10527213612199576,0.9105761658467552,1.3176504474851114,0.01333666488308809,0.006745516290613367
6,0.10520225828208596,0.9,1.3205745473172492,0.005929439266899813,-0.004718231484950937
7,0.10520225832403583,0.9,1.3205745473172492,0.005929438160350131,-0.00471823339420057
