step,loss,param_0,param_1,grad_param_0,grad_param_1
0,0.04266792195174119,0.9858905376837066,1.2756154050724808,0.15387966552864923,0.25998243502815005
1,0.03930452340891612,0.97868479011378,1.2574371240552797,0.1138879810307562,0.19842285697749018
2,0.036333144158470713,0.9694486925314026,1.229770459613369,0.033049792595318116,0.05990665134682502
3,0.03622593540422627,0.9657560563526554,1.2177562530205677,-0.013665115783975253,-0.026579758643267445
4,0.03615998568176565,0.9668134053485562,1.2214608934493465,0.001601390141184566,0.002126503315436962
5,0.03615998570960584,0.9668134053485562,1.2214608934493465,0.0016013903713068761,0.002126503558267644
