step,loss,param_0,param_1,grad_param_0,grad_param_1
0,0.02973686233352822,0.9613558146280021,1.1897429417377519,0.05956138216992395,0.08291237641667148
1,0.029517668359101475,0.9595632144346378,1.1863902136863902,0.037606958502092114,0.039167000121710885
2,0.02944604529552568,0.9564903573872439,1.1833894911710738,0.01169683631116191,-0.01319863755680398
3,0.02906406775710929,0.9327247597569911,1.1966173858781899,0.02003969963016878,0.006374891647404084
4,0.028633993023308872,0.9,1.21182028047626,0.010185555505253702,-0.009234118189282797
5,0.028626397473806006,0.9,1.2124638986987573,0.014097781291832017,-0.0017311717529562842
6,0.028625186490865723,0.9,1.2126124021828126,0.01499262379025235,-1.8119123119431785e-05
7,0.028625174789257062,0.9,1.2126139729185066,0.015002073238869455,-3.585052261306787e-08
