step,loss,param_0,param_1,grad_param_0,grad_param_1
0,0.015497787093050303,0.9847480487877698,1.2716163643294913,0.16788125091789552,0.29021179205917114
1,0.011168661807373952,0.9769562640669998,1.2515672850824668,0.12366143198509719,0.22053778329330753
2,0.007663518782183722,0.9684487383790166,1.2255585188426867,0.04560485519495839,0.08358853219843525
3,0.007343814385520094,0.9635645540007624,1.2096345445169405,-0.02117456899494246,-0.043751482461026926
4,0.007245416461901489,0.9650611308795474,1.2151330317141924,0.003729996176987748,0.004660057354948382
5,0.007244644310908646,0.9647956189476558,1.2146250323276238,0.0012780271916592227,-4.797874870454688e-05
6,0.007244643963608268,0.9647643221841183,1.2146270815482465,0.0012227686724862322,-0.000151263455186703
