step,loss,param_0,param_1,grad_param_0,grad_param_1
0,0.06536873978652506,1.05,1.5,0.27397370210599203,0.3307368058959975
1,0.024295881051404268,0.9,1.2433521835575676,-0.13518735225464423,-0.2506184071647718
2,0.021725230542154753,0.9176925824810025,1.284437564292625,0.037678273665475784,0.05954823146267017
3,0.021436344046790637,0.913722485977491,1.2766130783324066,0.01191309610196759,0.01612344457751733
4,0.021405445569403474,0.911833783265586,1.273739349867125,0.0009232356213809785,-0.0027102427095803006
5,0.02140544382419448,0.9117758864397679,1.2738774103210695,0.0012148465721150258,-0.002198258023797405
