step,loss,param_0,param_1,grad_param_0,grad_param_1
0,0.05930597003766118,1.05,1.5,0.2693262196565752,0.3207241420933673
1,0.01929335070220343,0.9034039505527438,1.2550293152674117,-0.09058707774205975,-0.1760580396214334
2,0.017832608368437426,0.9166058396699384,1.2876672622948087,0.031647201687989415,0.03849599793853971
3,0.017674283401235013,0.9128568692665747,1.2819997833370216,0.012244645294138583,0.00606938039349417
4,0.017652416325283415,0.910385216603836,1.2810022535066403,0.0057438728713246345,-0.004728507874796147
5,0.017638039615746882,0.9077219330002126,1.281727707353855,0.0033355445371968696,-0.008465461936101221
6,0.017601830399888524,0.9,1.289913896056211,0.012214288647429928,0.007737607328486002
7,0.017593652589285518,0.9,1.2883147565583262,0.008087485677722578,0.0007765795324451933
8,0.017593196489575847,0.9,1.2881363548854743,0.0076224818415392415,-9.97323809259808e-06
