step,loss,param_0,param_1,grad_param_0,grad_param_1
0,0.021227195552078366,0.9838420760229143,1.2684451911462877,0.1824344183957723,0.3179737646315898
1,0.01587477144105093,0.9750599739618206,1.2451591161120936,0.13180370174918382,0.23912658726005237
2,0.011653434010646951,0.9646793034741322,1.2108761354896933,0.019435854354986855,0.03827185399955615
3,0.011638845287745971,0.9629669911945766,1.2042971439848138,-0.010582070151823905,-0.019709753235094447
4,0.011604997272370621,0.9635830394413138,1.2065271204232846,0.0001092804474756015,0.0011090720585924703
5,0.011604997085397544,0.9635830397612598,1.2065271147250116,0.00010924443951036006,0.0011090043720070487
