step,loss,param_0,param_1,grad_param_0,grad_param_1
0,0.09258295550642455,0.9840161142936646,1.2690597674664423,0.21007114397699594,0.291862763497734
1,0.08751222617554306,0.973088514812892,1.24788197789506,0.16466491861035304,0.21753824889129927
2,0.08312940992025196,0.9529118230115357,1.2171393736008247,0.054010131275558725,0.016498418634990623
3,0.08289008211691001,0.9431822531561882,1.2145511966977303,0.024220846504173277,-0.039961735814856264
4,0.08251707771205027,0.9304396369080278,1.2189323934936802,0.014567612840750754,-0.05681042669042812
5,0.0822488045388609,0.9219887422871299,1.2423436979295952,0.0865566683493227,0.07810766740037123
6,0.08127151311572284,0.9,1.2395831599258023,0.03357303441859844,-0.01665750126133941
7,0.08123430032726142,0.9,1.2420786076413874,0.04371004813397521,0.001905406772762068
8,0.08123430013345022,0.9,1.2420785975354849,0.043709998958547255,0.0019053184040476942
