step,loss,param_0,param_1,grad_param_0,grad_param_1
0,0.06639945676741302,0.9842386212489204,1.269834630688365,0.20111708919990573,0.2885741709420515
1,0.061579724552894795,0.9739802598237945,1.249126966124965,0.1565627500800958,0.21615894021391607
2,0.05736523370167243,0.9553648799180253,1.2179908191672395,0.04736403464749686,0.018582276690631415
3,0.05719445450373273,0.9472076363811008,1.215108295134174,0.020061526404704887,-0.03314725587655516
4,0.05624506803395016,0.9042041640200813,1.2312230296519533,-0.009784186788110816,-0.08314733642231163
5,0.05599505471311825,0.9030814903568474,1.252360914574534,0.07166075863976488,0.06603885053848166
6,0.0557318959856813,0.9,1.2449621148108274,0.03888732344107522,0.007678928902200427
7,0.05573189574069569,0.9,1.2449619936567076,0.03888683179191421,0.0076780409957556695
