step,loss,param_0,param_1,grad_param_0,grad_param_1
0,0.012656835387666905,0.9844329493649933,1.2705195793175177,0.17210228641735242,0.29957069259084956
1,0.007993826705533244,0.976317290981644,1.2492250171205246,0.12591814643065197,0.22744449546402687
2,0.0039817039234052425,0.9657059280017701,1.214980543300967,0.016392216819099206,0.03237085706286422
3,0.00395889016343734,0.9641926947786316,1.209255892530173,-0.008559959553642027,-0.01552907570062587
4,0.003939286960509836,0.9647277959014733,1.2111034903797813,-0.00011349522142558134,0.0007986004337501248
5,0.003939286877329845,0.9647277983945026,1.2111034794556328,-0.00011355363882189573,0.0007984898623804408
