step,loss,param_0,param_1,grad_param_0,grad_param_1
0,0.0878550606009591,0.9864034171873906,1.2774093187462987,0.14624202800034236,0.16096608605457557
1,0.08592528186923282,0.9786295665798095,1.2664717973991209,0.12342066238119566,0.12271648267302723
2,0.08366913954713165,0.9372726759203835,1.2309721556388582,-0.017881332894352505,-0.13396440092515421
3,0.08278206449214015,0.9436718568136134,1.2488581293745262,0.048768277316497216,-0.010117140845599639
4,0.0811213258862413,0.9,1.267375826576415,0.0349652425883716,-0.03415184454005722
5,0.0810525220975194,0.9,1.2708686855957982,0.045050142241662754,-0.016717027193565034
6,0.08102821150525465,0.9,1.274217743865231,0.054298497272594004,-0.0009061224203590085
7,0.0810279999490555,0.9,1.2744096782819232,0.05481660560090289,-2.5542849055844655e-05
8,0.08102799567327028,0.9,1.2744152456968327,0.05483161583730463,-3.966752964816578e-08
