step,loss,param_0,param_1,grad_param_0,grad_param_1
0,0.08731811915914274,1.05,1.5,0.24737684421950362,0.2953292254869384
1,0.0516502371885243,0.9188510900385818,1.283281718451975,-0.004036083022637419,-0.017323813166186405
2,0.05164103318167482,0.9193603688805757,1.2872339276717826,0.006378842789277667,0.0005251526924604268
3,0.05161390131575548,0.9126115636730214,1.2896804386344851,0.002443152709883753,-0.005661451413225292
4,0.05161200060885727,0.9090996359660289,1.29488325993544,0.00979496909747524,0.007010855640119863
5,0.05157042319339468,0.9,1.2979175980071525,0.0037257122230675184,-0.0025197792055001583
6,0.05157042318942762,0.9,1.2979177124898984,0.0037259988688839348,-0.0025192999777950177
