step,loss,param_0,param_1,grad_param_0,grad_param_1
0,0.03213968487216862,0.984606643630159,1.2711191967042426,0.18543695611312588,0.2827646921552807
1,0.02772831833524446,0.9754817492407487,1.2512116278671335,0.1424068684150653,0.2136807959690713
2,0.023765508142324615,0.9596112460731595,1.2193222519520999,0.035447040427443684,0.02158404004788982
3,0.023681086528672082,0.9540455550351478,1.2159096041172313,0.011876677955718685,-0.02306842083748902
4,0.02267037923222265,0.9,1.2492584822109953,0.027461206267395087,0.012250746773233066
5,0.022668528995745733,0.9,1.247995240105694,0.022682375790617288,0.0036576456574752784
6,0.022668529019065044,0.9,1.247995240105694,0.02268237793535071,0.0036576492696529257
