step,loss,param_0,param_1,grad_param_0,grad_param_1
0,0.0378896550006841,0.9842406378851929,1.2698389397671415,0.17931026667988123,0.3084336566807202
1,0.032936294455760864,0.9757903725274794,1.2482063383786954,0.13071545978766141,0.23150997105267265
2,0.02884553065506027,0.9645805986267446,1.2146922377037621,0.01905710445306025,0.02997753976296712
3,0.02881893717591325,0.9625804562294515,1.2097552481540386,-0.004318922095852507,-0.015325347165138769
4,0.028803745892184825,0.9628958743822109,1.2114532925855968,0.0032105471942944627,-0.0006070713390088356
5,0.02877405340663752,0.9370517668322083,1.22477936433234,0.0019853329956938523,-0.00036873189690115726
6,0.028768362362858915,0.9253966195150308,1.2315433161731175,0.0039702321776430745,0.004453720765395514
7,0.0287683623335508,0.925386203384299,1.2315506963149292,0.0039772022033666855,0.004467687975842991
