step,loss,param_0,param_1,grad_param_0,grad_param_1
0,0.011188681520414712,0.9859522018029981,1.275832575482057,0.14666209916947404,0.2431613768147884
1,0.00815768037004193,0.979091180038536,1.2592701359583849,0.11133505966791223,0.18716538179776132
2,0.005207563830402742,0.968706817355393,1.232184372144456,0.03346374712716894,0.05117190669035199
3,0.0050581273089335506,0.9641016469494619,1.2220741870759504,-0.00680015295322695,-0.02410292453689767
4,0.005023919275068557,0.9647963197902643,1.2253559035410444,0.005656777124182728,-0.0004544264482778562
5,0.005010244926501253,0.9616386822360379,1.2265036684745856,0.003780619839488718,-0.0036744324146742845
6,0.004890094569429215,0.9204502415864101,1.2454852423437595,-0.009725378182635826,-0.02398704062778913
7,0.004806116015205017,0.9,1.260425423160419,0.0013021439730193543,-0.0018838921825192543
8,0.004805765066735922,0.9,1.260737747778462,0.0023655313628157745,-9.906215585465776e-06
