step,loss,param_0,param_1,grad_param_0,grad_param_1
0,0.24425744238449093,1.05,1.5,0.3012960004346906,0.2894062037621412
1,0.19305119015886438,0.9,1.3124598149227078,0.13229179073625869,0.0714101689799403
2,0.19227409188470143,0.9,1.287224175722269,0.08283690831929348,-0.008018763730643648
3,0.19227373525474187,0.9,1.2878074967579052,0.08414197322134156,-0.005847805218852139
4,0.19227373526607763,0.9,1.2878074967579052,0.08414197325747005,-0.005847805134362588
