step,loss,param_0,param_1,grad_param_0,grad_param_1
0,0.04592646424516226,0.9858221552478271,1.2753763750660956,0.12170024589066987,0.25457398876217974
1,0.042819914893623856,0.980284259078421,1.2568338913848436,0.08632935445106318,0.20070859514234163
2,0.039571348450893384,0.9754373002346849,1.2201244739582415,-0.0075895792099875976,0.03691038854107408
3,0.03947605441030391,0.9787160737435447,1.2101969452772534,-0.0344244236044967,-0.014597735306696875
4,0.03896010610475178,0.999654948119263,1.2023992685837084,-0.023026138934743458,0.005780611832114462
5,0.03895554404694117,1.0010176848842127,1.1989215726663072,-0.03241364043703922,-0.012899660308474432
6,0.03782920608637313,1.05,1.1794373054452694,-0.013549158917622334,0.020507427474665246
7,0.03782173741111147,1.05,1.1767244398198429,-0.022363760065800764,0.002373866750107489
8,0.03782173740517715,1.05,1.176724439517003,-0.022363762585386502,0.0023738617839552667
