step,loss,param_0,param_1,grad_param_0,grad_param_1
0,0.08344585395538516,0.98682756369615,1.2789010156266964,0.1189081659439796,0.17191503272041087
1,0.08173412579565267,0.9799370647521057,1.2648894803777975,0.09608685219548416,0.13595378688905507
2,0.08001523133038016,0.9656353860216436,1.239259056087462,0.03778364174025615,0.03633591188850154
3,0.07998056397248256,0.9629502515084691,1.2366514447335446,0.028777959122673034,0.02023076653372001
4,0.07997238066158247,0.9608899402026522,1.2358070137365225,0.024254796750051023,0.012122822372926764
5,0.07996429969772023,0.9580746243628997,1.2355255079895326,0.019981366608523565,0.004490492449058789
