step,loss,param_0,param_1,grad_param_0,grad_param_1
0,0.05032260830949208,0.9859581665165829,1.2758538551236578,0.15366491517292363,0.2588284457665109
1,0.04699663771578479,0.9787441927158542,1.2577061794256772,0.11367750072913414,0.1973972859063964
2,0.04406470833794453,0.9694369243337962,1.2299629499559073,0.03258859076590326,0.05868714229682765
3,0.04397164363355099,0.9657711303488067,1.2181813575272773,-0.013150665920242067,-0.025821326065408847
4,0.043905562701253786,0.9667982063119209,1.221795744185856,0.001664713964210876,0.0019761737440993415
5,0.04390556363198685,0.9667982063119209,1.221795744185856,0.0016647386731476832,0.00197621125810331
