step,loss,param_0,param_1,grad_param_0,grad_param_1
0,0.057468705638299554,1.05,1.5,0.27516197805549614,0.32891817281631763
1,0.01648456121803053,0.9,1.2468701902184511,-0.12209092256132535,-0.2323766517783568
2,0.014141038499501494,0.9165601092902081,1.28615148565129,0.03746734893680478,0.050770251915605365
3,0.01390393864832546,0.9124192385938229,1.279250211218835,0.014128105002977655,0.011727263301028731
4,0.013874406568172985,0.9098082064058388,1.2772397042362678,0.004504850944185568,-0.0044630759007298895
5,0.013845423067959483,0.9036087354378519,1.2800631630785704,0.0018326483861675204,-0.008143200695265404
6,0.013842939024871045,0.9034330666118404,1.2815094765350643,0.005503724499419027,-0.0018249881016135336
7,0.013827880102430882,0.9,1.2839031553200482,0.006260427609507149,-4.442364009201328e-05
8,0.013827880102658518,0.9,1.2839031553200482,0.006260427593024086,-4.442366659357117e-05
