step,loss,param_0,param_1,grad_param_0,grad_param_1
0,0.04502033565294052,0.9844497323943451,1.2705802119612746,0.19215836850480877,0.2852619138180702
1,0.04043883971572371,0.9748450222322915,1.250334253762071,0.14847181557738093,0.2147553987015534
2,0.036374880909434415,0.9577964486108324,1.2187800041911327,0.04060515598928903,0.020411084503751117
3,0.03625855693288715,0.9511430162789043,1.2155968242362565,0.015520603592282292,-0.027107696323615732
4,0.0352075020667783,0.9,1.2390697583099235,-0.00153673817421272,-0.05167173170129431
5,0.03504124005109941,0.9,1.2483341568815622,0.03581861377881834,0.01653257336333834
6,0.03503955181788513,0.9,1.246088487067792,0.02725792376773275,0.0010965604025591803
7,0.03503955178123889,0.9,1.2460884817494637,0.027257898927655358,0.0010965159566949552
