step,loss,param_0,param_1,grad_param_0,grad_param_1
0,0.054925123124863875,0.9858903288458507,1.2756227905260804,0.11784777158058003,0.25262653380433403
1,0.0518856340651802,0.9805424926573816,1.257077113813687,0.0830000649871884,0.1997661559356394
2,0.04866406197025957,0.9763905610314492,1.2199291439001618,-0.01003653630816089,0.037835256545572286
3,0.04855058404873145,0.9803072956530114,1.2092564949913476,-0.03797670482401122,-0.015839911961314887
4,0.04673366318721419,1.05,1.178157064495146,-0.02082183501886309,0.011940325977571022
5,0.04673318377751239,1.05,1.1778049443021659,-0.021961245626316427,0.009597763758912053
6,0.046733171001155906,1.05,1.177736674789567,-0.022182942855264755,0.009141574192803564
