step,loss,param_0,param_1,grad_param_0,grad_param_1
0,0.07591171145509847,0.9870697822636311,1.2797423410188635,0.1528708508725019,0.20067897102761345
1,0.07368810353684341,0.9797722922341675,1.2669888898382338,0.1244897589471326,0.153354467454308
2,0.07157015493913631,0.9474499885813381,1.2258491193075065,-0.03683571594346424,-0.14348169636508842
3,0.07078078555584844,0.9553304198053999,1.245462986012074,0.04448574346682994,0.01140318024060263
4,0.0706055104018623,0.9497289742149602,1.2446965485685446,0.03323001680024498,-0.008759204300308576
5,0.0700860692590276,0.9248842592161937,1.249667318370463,0.004443227687341253,-0.057592615240832666
6,0.0693564279661579,0.9,1.266657374291531,0.013124104597365155,-0.035937325688865485
7,0.06929903867059048,0.9,1.272350336239251,0.031411585607694324,-0.003359244516234993
8,0.06929903909619523,0.9,1.272350336239251,0.03141156276023498,-0.003359285057571791
