step,loss,param_0,param_1,grad_param_0,grad_param_1
0,0.00808434431735129,0.9853640772124902,1.2737767424164923,0.15262605741567142,0.26190567865131104
1,0.004558110367373597,0.9782407937427603,1.2556510292897654,0.11435558030959632,0.20184273253629542
2,0.0013707286948242982,0.9692931050207648,1.2288719911460317,0.0381139316595503,0.06926808872710508
3,0.0011472066520550822,0.9648955139678909,1.214836993644202,-0.016814265274628537,-0.03410039742888167
4,0.0010759740504889417,0.9662009698096712,1.219488652361215,0.0026504739954960376,0.003167868537548777
5,0.00107588696568241,0.9661423308859391,1.2193833282667796,0.0021728390929241417,0.0022641590635346875
6,0.0010758664751881006,0.9660793083179392,1.2193228483339906,0.0018427379558809346,0.0016420085562423182
7,0.001075866055056517,0.9660089053954571,1.2192880715842846,0.001588174182302626,0.0011646856420470938
