step,loss,param_0,param_1,grad_param_0,grad_param_1
0,0.038442507536954745,0.9602785877260562,1.1859765007543608,0.06791899827614514,0.09537225200251591
1,0.038157104830240006,0.9582672972792615,1.1821650924221117,0.041323877962509775,0.04196667685099639
2,0.0380764986393586,0.955134996156917,1.1791735969249348,0.0132041181250723,-0.015419508243331211
3,0.037609823139250986,0.9299834607712641,1.1932429336099475,0.02411964740063734,0.009720274602602504
4,0.0371430828483779,0.9,1.2070195758523594,0.014589270040480034,-0.005769809885418052
5,0.03713888646891747,0.9,1.2073963075360175,0.017059702045764027,-0.0009852141953216736
6,0.037138201917083155,0.9,1.2074738817819115,0.01756572169504507,-6.238264127787774e-06
