step,loss,param_0,param_1,grad_param_0,grad_param_1
0,0.0490060897265184,1.05,1.5,0.2592996898941967,0.3286882529751202
1,0.011926394947678649,0.9050720282814453,1.2322845208371622,-0.18229609923289655,-0.30987649891796026
2,0.007551305161512846,0.9274862212701325,1.2824520843782208,0.031732761187881556,0.07647999106576567
3,0.007195079843358386,0.9243774122336811,1.272402546477184,0.0037778847291681664,0.029969302497269673
4,0.007144837089186844,0.9247848798560624,1.265429674637937,-0.013835113643911812,-0.0003632242480805679
5,0.006697280791324892,0.9710114140020737,1.2364381759262602,-0.019871695308377228,-0.015965535339793693
6,0.006697280793904271,0.9710114140020737,1.2364381759262602,-0.019871695017534486,-0.0159655348502799
