step,loss,param_0,param_1,grad_param_0,grad_param_1
0,0.09989795379630495,0.9863010333761333,1.2770587983702382,0.15265793979267017,0.2531309902813063
1,0.0967569803273983,0.9790432631090706,1.2590673961113235,0.1126908229549903,0.19233791512939796
2,0.0940265915236282,0.9693727493468938,1.2309782067669173,0.030430658862887407,0.052827663211044894
3,0.0939973341521111,0.9658256862697477,1.2203239048165342,-0.010682731369997376,-0.02235956020485478
4,0.09393092979680023,0.9667006671608962,1.223517857009095,0.0020477326950803856,0.0012691808509837938
5,0.09393093005383826,0.9667006671608962,1.223517857009095,0.002047738423153568,0.001269189159086661
