step,loss,param_0,param_1,grad_param_0,grad_param_1
0,0.06863583632307384,1.05,1.5,0.2686543314672898,0.32365529136595206
1,0.028236365131870937,0.9033189301964697,1.250774335100959,-0.10341767915816505,-0.19173773106486383
2,0.026611427689444894,0.9177840872989448,1.2851585407611135,0.03142393704631625,0.04770339078070704
3,0.026410959909708986,0.9142818346721625,1.278382152610299,0.009174564778124984,0.010147737321943401
4,0.02639382991038537,0.912767193771004,1.27659289227028,0.0019477569757131614,-0.002190556270177755
5,0.02639044530405901,0.91071277153347,1.278189023038932,0.002951305435459224,-0.0002754782346843631
6,0.026390445314876332,0.91071277153347,1.278189023038932,0.0029513040092458177,-0.00027548056708176505
