step,loss,param_0,param_1,grad_param_0,grad_param_1
0,0.05386531655016207,1.05,1.5,0.18424166562126884,0.24974961947762306
1,0.030769932979995487,0.9538271118422883,1.3123371419710548,0.013858801266918267,0.05998357968735371
2,0.030461073360164764,0.9525653440496207,1.2904480750625231,-0.0231998645465371,0.0007224211658497133
3,0.02867119510235962,1.05,1.2325606938029567,-0.023602069767052373,-0.0062219434746036174
4,0.028652583111456197,1.05,1.2348456189070784,-0.019501731522223068,0.001420804914894604
5,0.028652583137892904,1.05,1.2348456189070784,-0.01950173158625138,0.001420804629559255
