step,loss,param_0,param_1,grad_param_0,grad_param_1
0,0.07418534012709924,1.05,1.5,0.12169331495195357,0.18396742575347874
1,0.0631322965808199,0.9906719295607704,1.3695625330258052,0.02755571944469279,0.08659850590444892
2,0.061825653075539014,0.987274682556817,1.318904061001827,-0.027273072427378448,0.006532342383549572
3,0.060493570560843195,1.05,1.2613601488661201,-0.050711797788065054,-0.036097281339697807
4,0.06026624790712171,1.05,1.2723915179025527,-0.03572227790408758,-0.00960764985410581
5,0.06023451268892122,1.05,1.2763925373644927,-0.03061828939453718,-0.0008131784052281422
6,0.06023283652459664,1.05,1.2767624905383996,-0.030154640193712605,-2.0154031894190072e-05
7,0.060232796640643606,1.05,1.2767718925798968,-0.03014287481508625,-4.2762290214035104e-08
