step,loss,param_0,param_1,grad_param_0,grad_param_1
0,0.03613288495565235,0.9845543613042418,1.2709415791806984,0.1876778353626117,0.28359857270483474
1,0.031665498644767594,0.9752702825552891,1.2509214138579317,0.14442711973142416,0.21403923406720832
2,0.02767019407906075,0.9590070795478598,1.21914648964458,0.037175310404702,0.021212895183950788
3,0.027575974890118038,0.9530824596485878,1.2158108376960615,0.013113780609301216,-0.0243683626550335
4,0.026513458555455147,0.9,1.2449363310988415,0.014729630933046235,-0.014371394611012727
5,0.026493472264926408,0.9,1.246920399091759,0.02251673614537858,-0.0002467278754135771
6,0.026493303379031614,0.9,1.2469550565381775,0.022650608773299642,-4.752871063846281e-06
