step,loss,param_0,param_1,grad_param_0,grad_param_1
0,0.060637301880771474,0.9820644188806442,1.2622278948638905,0.20723431449842566,0.3633855828470185
1,0.053260969231339515,0.9715964589074357,1.2335404186328023,0.14376481754308643,0.26493393487325584
2,0.04870715103046547,0.9622776910034556,1.2005656415974193,0.02735100463841584,0.05493297542938685
3,0.04862895643279615,0.9614142723180609,1.1969174927284623,0.009608072792534453,0.020539610212191993
4,0.048627178701502086,0.9613049269089454,1.1963642495515576,0.006843149132958598,0.015130789760445386
5,0.04862717485023605,0.9612774999799467,1.1961830654195826,0.0059502342782760224,0.01338051370525169
6,0.04862717425568188,0.9612774611735575,1.196182685519631,0.005948393635058023,0.013376908566271401
