step,loss,param_0,param_1,grad_param_0,grad_param_1
0,0.08760390002854827,0.9861076015116991,1.2763759530607364,0.10627801560821724,0.2467445918144337
1,0.08475971035105086,0.9813464006132313,1.2578233776155792,0.07299917755525895,0.19689496152065522
2,0.08159537900706465,0.979347328341389,1.2192031901815679,-0.017722683726463292,0.03999873621675913
3,0.081410527217045,0.9854069466162919,1.2060794224888636,-0.04923093742890379,-0.020704265292476338
4,0.07940145602952961,1.05,1.1692254213833921,-0.060969988723004506,-0.05247275147009779
5,0.07918970891581542,1.05,1.1751299676879872,-0.04016471941371248,-0.008783956903125868
6,0.0791731195106492,1.05,1.1763171206132657,-0.03623909295171744,-0.0006617038245365914
7,0.07917212601804571,1.05,1.1764138356039666,-0.03592282172434607,-9.07147243912887e-06
