step,loss,param_0,param_1,grad_param_0,grad_param_1
0,0.025115244670678903,0.981416246031108,1.2599611460372855,0.21636410945860302,0.3611146670065943
1,0.01770540489889695,0.9707931224752955,1.233231080234439,0.156701634194086,0.26798493533662415
2,0.012740290124255637,0.9595255419402877,1.2010956791751253,0.036069292479500074,0.0482115344765428
3,0.012687535878441384,0.955878283014794,1.194198878820812,-0.005905335733613858,-0.0346143081454569
4,0.012629484384395588,0.9563460484262722,1.1971041554143118,0.010042757194958793,-0.002754028101477582
5,0.012466250730486324,0.9384725568496346,1.2082284406261847,0.019377671753167278,0.01737212144643971
6,0.012175280449247892,0.9,1.2283103871292218,0.017668467275437843,0.017521057225913638
7,0.012170790139474816,0.9,1.2264070184740787,0.008370103153173939,0.0002612186894066417
8,0.012170790101265228,0.9,1.2264070156515579,0.008370080943627414,0.0002611780176156684
