step,loss,param_0,param_1,grad_param_0,grad_param_1
0,0.1008595218073364,0.9864907080111979,1.2777225586869667,0.14541334208927997,0.15243313020031474
1,0.09903184929202832,0.9786726165584293,1.2673898238540071,0.12380473504350442,0.11595524157793793
2,0.09665548767689301,0.9350542432200477,1.233848430387036,-0.012237439799306422,-0.1309540139682736
3,0.09577256188240146,0.9402386130324215,1.2509432305501935,0.04887892109042347,-0.017814344130764957
4,0.09402395356009044,0.9,1.2743209256422112,0.054135983827682976,-0.009120463998715252
5,0.09401705502891965,0.9,1.2758305438884288,0.05815721860890499,-0.0022859073765713195
6,0.09401645524303825,0.9,1.276335455571164,0.05948517273902905,-3.628815060634227e-05
7,0.09401645241106346,0.9,1.2763436001989188,0.059506524474275194,-1.4734208120259495e-07
