step,loss,param_0,param_1,grad_param_0,grad_param_1
0,0.01869749249628913,0.9839943614906773,1.2689831202422188,0.17986963967458675,0.3133824572400842
1,0.01352378671838017,0.9753798916552927,1.2462048084979145,0.13038343740978048,0.23626777960814
2,0.009351560100011933,0.9649309495494826,1.211903489828363,0.018665827147556845,0.036755207716564015
3,0.009334697310161467,0.9632657607777769,1.2055391824685595,-0.010040522937284673,-0.01860829156332583
4,0.009304790671679913,0.9638611510817618,1.2076715760498777,5.754729233879664e-05,0.0010198145874210601
5,0.009304790444395295,0.9638611516889452,1.207671569021333,5.75020210261735e-05,0.00101972970902059
