step,loss,param_0,param_1,grad_param_0,grad_param_1
0,0.05469459105122865,0.9861334585487704,1.2764687435108248,0.14868125247254457,0.18656045309864863
1,0.05242635714570935,0.9784962382296161,1.2637369471268871,0.12212530190615528,0.14289870412070835
2,0.05049314776381897,0.9431278058985761,1.2222174765734721,-0.03812162376872766,-0.1498103326104833
3,0.049475261679409924,0.9521591658216092,1.2431293697287347,0.04740925174645964,0.011056952871339407
4,0.04927330774771827,0.9456973551739861,1.2424660433672061,0.03594512343803071,-0.009706063077536686
5,0.048611673087719715,0.9141192336119526,1.2490249818087906,0.0025644561713843387,-0.06857509076491194
6,0.04787177752257117,0.9,1.2702281229694117,0.044436501484110276,0.0061524553988420065
7,0.04787057746691983,0.9,1.2691933954321386,0.041440951321486286,0.0010182145989063411
8,0.047870578435054226,0.9,1.2691933954321386,0.04144096379026162,0.0010182334290722841
