step,loss,param_0,param_1,grad_param_0,grad_param_1
0,0.07618263006285757,1.05,1.5,0.24014743164816799,0.27975397304960115
1,0.04363166954383123,0.9246430007229214,1.300851452425784,0.024989641457135624,0.015114390795579316
2,0.04352975590893415,0.9171443488192234,1.2954664498301445,0.003547075820778893,-0.020065963775352958
3,0.04348668078803821,0.9147162232845287,1.2992618129792004,0.008547273127881283,-0.011151953792265471
4,0.043432453174800066,0.9,1.3192031237091173,0.030490888777000038,0.027138378335759362
5,0.043350430713977754,0.9,1.3135048580832185,0.01889332560108325,0.008315903062110969
6,0.043335826817097196,0.9,1.3109873239184386,0.013563189659856523,-0.0004397750348713522
7,0.04333582676213432,0.9,1.310987325727872,0.01356319361776533,-0.00043976717618613576
