step,loss,param_0,param_1,grad_param_0,grad_param_1
0,0.0498789319448413,1.05,1.5,0.20926100070704093,0.27606248740919836
1,0.020972014603524027,0.9381546310052316,1.2871815973412524,-0.01311373210458466,0.012415278743150744
2,0.020863897315225352,0.9467727114321913,1.2754540583603435,-0.026532878219848254,-0.01077428991879948
3,0.019995286214720773,1.0082637521447961,1.2354591862234197,-0.034785379133564484,-0.03147114065089225
4,0.019261386655430906,1.05,1.2187011093834907,-0.020689476667062265,-0.009014009685948638
5,0.019239044941663203,1.05,1.221107015953608,-0.015734644997684726,0.0004964761657130241
6,0.01923904494383273,1.05,1.221107015953608,-0.015734645006694636,0.0004964761193854451
