step,loss,param_0,param_1,grad_param_0,grad_param_1
0,0.07582603599872956,0.9863129393664191,1.2770970475258703,0.14706343472443573,0.1694987695359803
1,0.07378874734460045,0.9785836906802263,1.265557739098583,0.12301251629667523,0.12946037352134387
2,0.07164539856523289,0.9393394997081967,1.2280732536370387,-0.024090259099414587,-0.13812478916266974
3,0.07073374300512825,0.946776530010649,1.246867014588774,0.04846972199403632,-0.002770620415242831
4,0.06952570628907004,0.9065507747744533,1.2570386848439563,0.014578205297312399,-0.06238460895083004
5,0.06922977560296098,0.9044124629791825,1.2765869284073283,0.0673110460034835,0.029117126922441866
6,0.06900775777951022,0.9,1.2733325494475234,0.05232403203964255,0.0036801236692091
7,0.06900758953182522,0.9,1.2725129591679574,0.05006387639853239,-0.0001696528546381599
8,0.0690075467688169,0.9,1.272549077064594,0.05016396941101349,1.0624340197450816e-06
