step,loss,param_0,param_1,grad_param_0,grad_param_1
0,0.019403866060091264,0.9855493888562593,1.274422511302849,0.1370895095860727,0.26229587916705305
1,0.016020111608227208,0.9792758616680813,1.2558980657024783,0.09962491905448335,0.2044051265702444
2,0.012914990104170876,0.9732811626355904,1.2279285188131137,0.026137069302934808,0.07759587019346123
3,0.012663407125764617,0.9725693932090193,1.2099905633816648,-0.03434260035353932,-0.03704479934305669
4,0.012545510723895882,0.974384526719933,1.215042638703297,-0.012541293451268583,0.005051001980391054
5,0.012122414774286893,1.0085379464811917,1.1959808441771917,-0.016081027109607553,-0.005439013097519161
6,0.01212241478104879,1.0085379464811917,1.1959808441771917,-0.01608102812181104,-0.005439015219963652
