step,loss,param_0,param_1,grad_param_0,grad_param_1
0,0.10109124730118536,1.05,1.5,0.07165462805529599,0.13134166770204228
1,0.09614649241142109,1.01793083393814,1.4103128406667718,0.015136579615979476,0.07353329623612237
2,0.09459318041290282,1.020852676298223,1.3458860651644367,-0.033930830367104134,0.005899969319159315
3,0.09392060211007201,1.0429977974658449,1.322733865692499,-0.04160505604200625,-0.006479857641316268
4,0.0936997396812009,1.05,1.3198037340635047,-0.03989662389572894,-0.0039422626101738665
5,0.09369659950487366,1.05,1.3218163452394354,-0.037982014539656855,-0.0008880101949482397
6,0.09369643614490324,1.05,1.322401502914611,-0.037429703686514354,-1.0337674202391851e-05
7,0.09369643591724675,1.05,1.3224083951998997,-0.037423206729942225,-2.2264251401706014e-08
