step,loss,param_0,param_1,grad_param_0,grad_param_1
0,0.03391882315581639,0.983186535763382,1.2661555496378432,0.19255465420136933,0.3362598245927724
1,0.027809565076186368,0.9737304695979299,1.2407812622284764,0.13712146853204854,0.250120951794346
2,0.023416336223027464,0.9636904830980461,1.2067662217604798,0.022575558706978173,0.04463344229694047
3,0.023412080824240056,0.9618089595873601,1.1993236972393855,-0.013011125464601935,-0.024518436206161023
4,0.023359783960688253,0.9625095437268777,1.201955994995817,0.00028488742229194376,0.0015563335896803566
5,0.02335978415051749,0.9625095437268777,1.201955994995817,0.00028490006359268606,0.0015563565055912547
