step,loss,param_0,param_1,grad_param_0,grad_param_1
0,0.028488601917722487,0.9808930837641668,1.2581274445401718,0.2228778668471419,0.3712276538292382
1,0.020575378942983457,0.9698900770581328,1.2304266558815613,0.16043979377344178,0.27368359801532105
2,0.015551155663841448,0.9588261477548865,1.1990013049698682,0.039262722932403946,0.05208989747922968
3,0.015492832032289376,0.9549410548975334,1.1917783599053455,-0.006445504062846637,-0.03851480332871774
4,0.015424088511665638,0.9554476815813557,1.1948695315603184,0.01124459630517929,-0.0029981023049762724
5,0.015224182803794159,0.9361774807279438,1.2065789341254523,0.02054576482133813,0.017268275371764424
6,0.014906396003906407,0.9,1.2250234667972744,0.017250692734969104,0.014240713107340788
7,0.014904312470867135,0.9,1.2239493612267467,0.011809001528643542,0.00408666289125869
8,0.014904312843055377,0.9,1.2239493612267467,0.011809034230174547,0.004086720502007285
