step,loss,param_0,param_1,grad_param_0,grad_param_1
0,0.0642823488634742,1.05,1.5,0.1467126526315434,0.21028030071999101
1,0.04898490994571149,0.9763227953077815,1.347585517373062,0.027837203169307018,0.08500768370675257
2,0.04799384769702464,0.9725120712846119,1.3061970295738585,-0.02581518439506342,0.0040233337186097035
3,0.04691586649084614,1.0222859304303418,1.2690143867812471,-0.03482950932496267,-0.013368655871313709
4,0.04622563103541495,1.05,1.2625426060734373,-0.020045811038971798,0.011051886691327725
5,0.04622407626169651,1.05,1.2614372395039375,-0.021588784748935358,0.008356140418972108
6,0.04622404983524316,1.05,1.2610142531291908,-0.02218322860133625,0.007314759631637344
7,0.046224049835186784,1.05,1.2610142530715036,-0.022183228683380924,0.007314759488431813
