step,loss,param_0,param_1,grad_param_0,grad_param_1
0,0.11220734721028447,1.05,1.5,0.22038385521900233,0.301985324797034
1,0.08116292711815158,0.9321892389655453,1.2585334265177748,-0.07162417887828876,-0.05794720525674371
2,0.08055773219151567,0.9463331961616356,1.2754867293313097,-0.007247783987520543,0.051611708874310484
3,0.08037419283877074,0.9488730465239112,1.2669435359262537,-0.02270190561468798,0.025084844003717174
4,0.0799647223370618,0.9670855576283149,1.246080818771302,-0.046095992455306156,-0.019342633647910237
5,0.07922903738112516,1.0103783693151847,1.213470827108706,-0.06464023148262801,-0.06378382105722671
6,0.07820306279647678,1.05,1.1949058516351474,-0.05350321137231427,-0.0506394245530583
7,0.07792035766461884,1.05,1.2049021444927215,-0.02759563666196876,0.0008579659561278692
8,0.07792035781342081,1.05,1.2049021444927215,-0.027595654169708682,0.0008579366123420487
