step,loss,param_0,param_1,grad_param_0,grad_param_1
0,0.01449639729637507,0.9837943340674736,1.268282492076578,0.18502249282622163,0.33010361407047095
1,0.008968870378151101,0.9755174816419719,1.2458822261168343,0.13337338048726377,0.249213689820023
2,0.004290349171507201,0.9654853071222086,1.2107421644962428,0.01139394330944193,0.02932267661383238
3,0.00424018452800721,0.9647539184933172,1.2059420942153387,-0.010463651672330078,-0.013255642286032068
4,0.00423624700082862,0.9652847682842983,1.2073436974785918,-0.0031582890168783684,0.001021154492971163
5,0.004218212930804281,0.9717078780506092,1.204417876555749,-0.0011467559473628541,0.004024312650544111
6,0.00415170047946606,1.0109779745382976,1.1844878771652678,0.00024646931986129026,0.0010557955222106523
7,0.0041502841523199455,1.0148132546904751,1.1824600226282096,-0.00015610208283948893,-0.0003412262270470626
8,0.004150284151979741,1.0148132546382604,1.1824600226632005,-0.00015610199885896252,-0.00034122605154267554
