step,loss,param_0,param_1,grad_param_0,grad_param_1
0,0.02705898858262327,0.9835217203453754,1.2673300252535389,0.18752353051820672,0.3271331784851039
1,0.02133682701382541,0.9744032334408762,1.2430122969181279,0.13454058909707883,0.24471976553361058
2,0.017024139572841848,0.9641787588618493,1.2088229512109978,0.020995036832172263,0.04139470718056837
3,0.017014487349980657,0.9623776501553464,1.201812436602542,-0.01174365552473837,-0.02203352201224318
4,0.01697195463059313,0.9630357676725829,1.204241513106546,0.0002036130681320955,0.0013139368394986467
5,0.016971954871489833,0.9630357676725829,1.204241513106546,0.00020360003301987412,0.0013139105077576065
