step,loss,param_0,param_1,grad_param_0,grad_param_1
0,0.01441202827799023,0.9842893029975646,1.270019897357587,0.17470284739810732,0.3041801820539981
1,0.009583055344577337,0.9760082187287669,1.2482377381352006,0.12744000005741962,0.23042592356743713
2,0.005515545600854691,0.9654438234363378,1.2139559810118465,0.01714423005316465,0.033805882820874135
3,0.005494562955892207,0.9638782108778711,1.2080188291306098,-0.009030447591954196,-0.016519271881384967
4,0.005471771783812317,0.9644331057656546,1.209960033565034,-5.3994467788019175e-05,0.0008650588674368543
5,0.005471771896187559,0.9644331057656546,1.209960033565034,-5.39811200016148e-05,0.0008650827897806967
