step,loss,param_0,param_1,grad_param_0,grad_param_1
0,0.011160314357406552,0.9845733955633624,1.2710078479576874,0.16949108737405438,0.29495621314717424
1,0.0066590978343122505,0.9766221804885928,1.25019404046333,0.12436483109344279,0.2244254774965344
2,0.002704166545704745,0.9659708084192824,1.2160044601994517,0.015645791845647267,0.0309609369331277
3,0.002679682322111298,0.9645115985913201,1.2104915807078198,-0.00811161680478872,-0.014573864255758545
4,0.0026630293432907235,0.9650272652789006,1.212246932702787,-0.0001753891516577486,0.0007388282443131573
5,0.0026630293388102367,0.9650272655832431,1.2122469316720528,-0.00017539817587475313,0.0007388113696347462
