step,loss,param_0,param_1,grad_param_0,grad_param_1
0,0.030360585808418473,0.9833572168520403,1.2667499591727327,0.1900466687550466,0.3317010474362081
1,0.024446970969306252,0.9740700270767411,1.2419065563502716,0.13585038797265253,0.2474440736602805
2,0.020092635382674324,0.9639345370542738,1.2077943001946343,0.021782765015101624,0.04299932543713553
3,0.020085629761566474,0.9620921593362103,1.2005677640901145,-0.012363609195397843,-0.023255283480374846
4,0.020038351823163922,0.9627714654960261,1.2030979690704255,0.00024606323008493757,0.0014301996967054469
5,0.02003835177591033,0.9627714655169063,1.203097964239441,0.000246022061395095,0.0014301211886094591
