step,loss,param_0,param_1,grad_param_0,grad_param_1
0,0.04278847878231094,0.9852241411896088,1.2732836651443926,0.1553505928634733,0.24845170573250558
1,0.03944031442839161,0.9780220844124966,1.2565755739892557,0.11884552609496324,0.191648237997086
2,0.03619883347189522,0.9673250367800255,1.2305898514707954,0.04110242072496715,0.05789908164651329
3,0.035927202778589774,0.9614506216974315,1.2194680710283632,-0.0068000166706829205,-0.0307158853052771
4,0.03589650616717207,0.9622171248649085,1.2233595590559596,0.008689324223640542,-0.0015272033667977792
5,0.035718241062765686,0.9414967566396767,1.2338390157219719,0.004701781107816291,-0.006430767082242724
6,0.03571149454973956,0.9399541927417473,1.236359254743075,0.010430395573998462,0.004231258248654198
7,0.035711494543014345,0.9399541886651009,1.2363592617122228,0.010430412420426038,0.004231289336852542
