step,loss,param_0,param_1,grad_param_0,grad_param_1
0,0.05614413082634049,1.05,1.5,0.28099774093022395,0.3371122140488567
1,0.013074912579301977,0.9,1.244382563307599,-0.12213799767637123,-0.23084024654068086
2,0.010842578614111273,0.9160647898237041,1.2827803966548663,0.03819444436171605,0.054660462048322554
3,0.010587233005984742,0.9120270252791953,1.2755473344536192,0.013385090696938037,0.012952932877160133
4,0.010560059133463648,0.9097457751707823,1.2733621445154009,0.0034920322733143013,-0.0038305025501890527
5,0.010522864803743459,0.9,1.2793994806601363,0.003773692319219725,-0.0019560799651676406
6,0.010522864804141347,0.9,1.2793994806601363,0.003773692289495421,-0.001956080013979889
