step,loss,param_0,param_1,grad_param_0,grad_param_1
0,0.04694193691583848,0.9840903317951928,1.269310595289452,0.18254221516557062,0.3136031315465948
1,0.041801943832378084,0.9754504895539872,1.2472195290865713,0.13264713896786262,0.23449996140689477
2,0.03765944330178108,0.9642022246996552,1.2137969224515668,0.02011364824335297,0.0308216644350858
3,0.0376334742322478,0.9620848447344299,1.2087983150135733,-0.0040253771292404015,-0.016090788565305936
4,0.037616491357621996,0.9623825148818272,1.2105413345280351,0.003751249636831488,-0.0008422245235403837
5,0.03760135907775375,0.9548510710442614,1.214866212677669,0.005405766064107377,0.0031156677450568755
6,0.03758674294528571,0.9375897530277,1.225651421545156,0.012170777754811235,0.01751205453217479
7,0.03758674254050913,0.9375895155764894,1.2256515830661863,0.012170896772252096,0.01751230074867965
