step,loss,param_0,param_1,grad_param_0,grad_param_1
0,0.024014430179325624,0.9836843486883344,1.2678943490139698,0.18498576570086453,0.3225572488673372
1,0.0184794449670053,0.9747345595194191,1.244096358564966,0.13319271498041227,0.24194920116673663
2,0.014211019847494195,0.9644282945247169,1.2098496932881704,0.02021320957470336,0.03981995108886142
3,0.014198836260966975,0.962670528657958,1.2030548740733642,-0.011150384299850682,-0.020852810090096867
4,0.014160776487405732,0.9633075569223767,1.2053839479623498,0.00015807557487331186,0.001207108928014614
5,0.014160776632985164,0.9633075569223767,1.2053839479623498,0.00015806197941558263,0.0012070829381687072
