step,loss,param_0,param_1,grad_param_0,grad_param_1
0,0.035766854156841006,0.9858229841735433,1.2753788206174335,0.15410030060995544,0.2611433237525145
1,0.0323655785468952,0.9786246807496259,1.2571684218560621,0.11410044423801802,0.19944912766305456
2,0.029355203975749505,0.9694595831599866,1.2295813051761963,0.033519502975313344,0.06113972524259824
3,0.029233385046737885,0.9657393004449244,1.2173327209340754,-0.014185902686981097,-0.027359266533987556
4,0.02916759707049638,0.9668268200737169,1.2211294566675073,0.0015426646569342995,0.002280213694569542
5,0.029167597122067578,0.9668268200737169,1.2211294566675073,0.0015426658571230595,0.002280215490257964
