step,loss,param_0,param_1,grad_param_0,grad_param_1
0,0.15312083831771434,0.9865833535539648,1.2780401040096334,0.15193889045581505,0.2486683625934263
1,0.15012436732063486,0.9792855199830721,1.260172132694385,0.11197523673068595,0.1883638661435757
2,0.14755999844444592,0.9693168149936303,1.2318531988010804,0.028881856813869018,0.04842191593655447
3,0.14749541314525766,0.9679837419473537,1.2280903870981132,0.015087244274160583,0.023704952209269135
4,0.1474921431594795,0.9676001473171353,1.2271835547341898,0.011528156312734229,0.01727661815331513
5,0.14749207827897584,0.9675160166505179,1.227024816546774,0.010869164507759498,0.016085696588224296
6,0.14749207664099542,0.967504040843952,1.227006586781564,0.010789208875963739,0.015941386052073736
