step,loss,param_0,param_1,grad_param_0,grad_param_1
0,0.06789389849075933,1.05,1.5,0.25181894628361845,0.2961420404624131
1,0.03187273888059128,0.9163661173956485,1.2832772289903458,-0.007766987014951066,-0.03554868357771901
2,0.03180966988210421,0.9174885782759531,1.2919471589804057,0.0146595301173476,0.0028327290721855396
3,0.03177853364205406,0.9145089120553502,1.2926195996735943,0.011953331721346102,-0.0013280898482533315
4,0.031742258226816776,0.9,1.3089955229736063,0.028089123573419292,0.027386137483809324
5,0.03165786316050839,0.9,1.30228558508109,0.013175160826592484,0.002852530842414272
6,0.031654945584204404,0.9,1.3015054183054153,0.011373867578902234,-0.00014402218624480403
7,0.03165494554026383,0.9,1.3015054210282513,0.011373873868459457,-0.00014401055830212802
