step,loss,param_0,param_1,grad_param_0,grad_param_1
0,0.05157629390212856,1.05,1.5,0.19675134167558864,0.262906066817483
1,0.025596208005454806,0.9460573798832852,1.2999262527478959,0.002844799343264829,0.04072488910460351
2,0.0254770391046039,0.9466130328247404,1.286176406620801,-0.021570893048361083,0.0007964725142542367
3,0.024824168804919527,0.9859948821273742,1.2592226294934468,-0.027739601305307178,-0.012506611574926706
4,0.02372262699276958,1.05,1.2265548497605323,-0.01993930499288049,-0.0033786514587536825
5,0.023713947908814655,1.05,1.2277669432929874,-0.01762244627749088,0.0009964112960367671
6,0.02371394839736645,1.05,1.2277669432929874,-0.017622438732529153,0.0009964223387841451
