step,loss,param_0,param_1,grad_param_0,grad_param_1
0,0.21839876390215074,0.9868682474721566,1.2790378107685518,0.1512954573749926,0.24428703612360572
1,0.21554412908817128,0.9795262003621014,1.261294316792128,0.11132878089974517,0.18445990139413224
2,0.21314907803655092,0.9692514971935666,1.232787903351323,0.02749203597204815,0.04426536052737193
3,0.21311106483533648,0.9681329123917352,1.2298437026301645,0.016688960190326584,0.025071539478368324
4,0.21310934131924159,0.9677194869864036,1.2289680807038943,0.013237787124640308,0.01890276760160977
5,0.21310933970232665,0.967718931974764,1.228967171668685,0.013233940904024868,0.018895908162076657
