step,loss,param_0,param_1,grad_param_0,grad_param_1
0,0.012680784300143367,0.9847592010268332,1.2285662429126072,0.024570509100717706,0.044364058180390936
1,0.012207460024296776,0.9782417157994981,1.2156959784707857,0.011721240071482548,0.023380128256302427
2,0.012052448212729295,0.9724046447640056,1.20128974725623,-0.0076648302800837315,-0.011186288341553163
3,0.012044012280981377,0.9733035900711366,1.2030333897156515,-0.004346664665195447,-0.005277438568998501
4,0.012043383359165251,0.9736459792373089,1.2034747744631185,-0.0035027974382561837,-0.003877171536910957
5,0.012043328235185552,0.973951225964987,1.2037436815135543,-0.0027688797039118135,-0.0025621414868514433
6,0.01204332550513577,0.9741646017174737,1.2038496311718652,-0.0025112290114436813,-0.002302286965663797
7,0.012043325504811882,0.9741646048759954,1.2038496326049397,-0.0025112290203172486,-0.0023022869860489137
