step,loss,param_0,param_1,grad_param_0,grad_param_1
0,0.0180944502451975,0.9851365596474077,1.2151572321241868,0.01057428732902825,0.025755840457740736
1,0.01783645156262283,0.9769519343536177,1.1967266646497696,0.0035880287226119443,0.015742598033486828
2,0.017813894703067337,0.9745117519422479,1.166520271183108,-0.008245853064484967,-0.006860990578374925
3,0.01775541544001319,0.9797414649119256,1.1738412043488131,-0.0038590123234927822,0.001846495801212411
4,0.017435580805115546,1.05,1.147754383283141,-0.001725966604686862,0.006302215016178788
5,0.01742771467446788,1.05,1.143753479321362,-0.003742483395751752,0.002284418146102283
6,0.017424538524711992,1.05,1.1343927352522278,-0.005225972445471927,-0.00026567035388016386
7,0.017423345135081376,1.05,1.1353679454025603,-0.005040851939542563,0.0003385100533013904
8,0.0174233451342965,1.05,1.1353679453075884,-0.005040851902569588,0.00033851012694414593
