step,loss,param_0,param_1,grad_param_0,grad_param_1
0,0.024668965443487068,0.9563757581597584,1.1677021018784555,0.003154871669932443,-0.002025600270956129
1,0.024663847421963297,0.9550560474633125,1.1686960301171452,0.004185770069601622,0.000203885239073269
2,0.02446691188298004,0.9,1.197588155189042,0.0059837382661179946,0.003977950836790302
3,0.02446541321363003,0.9,1.1971339593806383,0.005250075620736746,0.002664309669124425
4,0.024464052112045744,0.9,1.1962127654398638,0.0036250126813096393,-0.00043096707645346333
5,0.0244640521044428,0.9,1.1962129354329332,0.0036249898068319766,-0.00043101242364041717
