step,loss,param_0,param_1,grad_param_0,grad_param_1
0,0.010954542848598047,0.9843916133286337,1.2232128184200028,0.01923432342293646,0.03313111476513332
1,0.01074174733392949,0.9783732547417822,1.2125279468903776,0.007694380050918795,0.013914499963443943
2,0.010680785706218566,0.9743686620284857,1.2047862394588582,0.005104753090084162,0.010036519180208531
3,0.01066950917880799,0.9728637079307226,1.2008212727055225,0.001308935815750173,0.003713717902834197
4,0.01066950915033769,0.9728636951857014,1.200821200182319,0.0013089618602112304,0.0037137699844683827
