step,loss,param_0,param_1,grad_param_0,grad_param_1
0,0.020652069362130692,0.9753807004102322,1.1923627389765419,0.007767576398556795,0.027516467994645716
1,0.020444248462993676,0.969049933233031,1.1758633036678612,-0.0027420937118407232,0.006559972987258733
2,0.020428574177959968,0.9714112200804323,1.1703426935265344,-0.004223506198482697,0.0032025414655941836
3,0.020404349775299375,0.9843352545970039,1.1564038482103944,-0.009633709308060555,-0.008487068861134364
4,0.020047895610043786,1.05,1.1238923699231236,-0.01094757463635914,-0.011842436879218701
5,0.02000219256238643,1.05,1.129480025578534,-0.009063954147604221,-0.007465015279027242
6,0.019983275694547817,1.05,1.1342353518339963,-0.004034420132056169,0.003488313425895231
7,0.019983178053085422,1.05,1.132720920114807,-0.005559461680759015,0.00039161142825715764
8,0.019983177971183024,1.05,1.1327209042748199,-0.005559454646388032,0.0003916268337782044
