step,loss,param_0,param_1,grad_param_0,grad_param_1
0,0.007591329810537234,0.9846933197614858,1.2390444724733063,0.06613464148898518,0.10470914603340081
1,0.005741721999353289,0.9720950881934617,1.2134401648370525,0.001890030278384838,-0.00035000020821888164
2,0.005740523499701514,0.971678608239626,1.2135535016289785,0.0013515793448455196,-0.0012620706289982833
3,0.005724539950732535,0.9640657605459639,1.2172738286243705,-0.0001481304333482039,-0.003813683757666135
4,0.005688909350371141,0.9304704283734849,1.2366835542563939,-0.007850949550425632,-0.012752766384321802
5,0.005687018844100617,0.9295842400186132,1.2379937505406793,-0.00455429496511534,-0.006459948632861658
6,0.005686655862012933,0.9325776762346303,1.2365707841091027,-0.0004714976193012448,-0.0002460450353749756
7,0.005686646691841806,0.9333889567976245,1.2360905994436404,-0.0006111644849235616,-0.0006301832980167286
8,0.005686646692627137,0.9333889567976245,1.2360905994436404,-0.0006111644814969302,-0.000630183293839426
