step,loss,param_0,param_1,grad_param_0,grad_param_1
0,0.019318850614999532,1.0279780886740961,1.309343088791535,0.0189033566026179,0.03876565622467041
1,0.017678512518631416,0.987379725753197,1.226144598832492,0.001979822116249321,0.016852967682326112
2,0.017575701844598814,0.9872657948198379,1.2057400257223903,-0.007015667153447794,0.0016763445392297491
3,0.017359074790197816,1.0388921813372396,1.1641343558705117,-0.0144192608555807,-0.01572155401790519
4,0.01716934732530188,1.05,1.1690330371945488,-0.008943107004074455,-0.004104061265527486
5,0.017151199588683053,1.05,1.1724592441581567,-0.006832499020171449,0.00025605500066880555
6,0.01715119949247814,1.05,1.1724592406874332,-0.006832497618486097,0.0002560578956804665
