step,loss,param_0,param_1,grad_param_0,grad_param_1
0,0.00826997616788489,0.9847231030885057,1.2383449971744405,0.0584024256790506,0.09242294486730422
1,0.006756780195165974,0.9730531905536107,1.214979202323012,0.007871997554422751,0.00986847208895011
2,0.0067277849331542,0.9711919772403454,1.212212516230483,-0.00037874634877691946,-0.003990515648004334
3,0.006727784925023729,0.971191981036742,1.2122125507513535,-0.0003787515346270119,-0.003990525203392946
