step,loss,param_0,param_1,grad_param_0,grad_param_1
0,0.012568190810724673,0.9758673179608334,1.2056071567359132,0.015692766814545286,0.02857149768120401
1,0.012406233549646047,0.9711936190886933,1.1968771065922204,0.003582585591626078,0.00739323643045986
2,0.012401985109117934,0.9705904730507161,1.1955392792348247,0.0008027887443251986,0.0019074398540945706
3,0.0124018929990312,0.9705437194072749,1.1954124785496991,0.0002412410705970228,0.0006967225021345677
4,0.012401893164222806,0.9705437194072749,1.1954124785496991,0.00024123973862407398,0.000696718482047865
