step,loss,param_0,param_1,grad_param_0,grad_param_1
0,0.0066757415158775636,0.9838075430484766,1.233633911206526,0.08127242350335136,0.13651205892317736
1,0.005149497374668189,0.9695603130016124,1.2040331472699448,-0.056782262137973105,-0.10553998388118496
2,0.004753389013115703,0.9753877574897614,1.2169582523293703,0.030011840695497668,0.05440935340470927
3,0.004650823780564643,0.9733691576443791,1.2125635083811956,-0.007756331158916524,-0.016674000457252567
4,0.004649083642127289,0.9737782977284959,1.2135972584011052,0.0027999154295640627,0.0036616386700883286
5,0.004648063880613443,0.9736635146859041,1.2134143726527198,-0.0007348143962759013,-0.00288125727994338
6,0.0046480638808849405,0.9736635146859041,1.2134143726527198,-0.0007348142770394652,-0.002881257066223575
