step,loss,param_0,param_1,grad_param_0,grad_param_1
0,0.02940183548727255,0.951813921779553,1.1618410134039643,0.009605685701360264,0.0019030002518853322
1,0.029376010745339323,0.9487702797797593,1.1618902774105606,0.008529164540387341,-0.0002186858035245461
2,0.02917699747224736,0.9056532405402323,1.1715269097155971,-0.004415124684817005,-0.025481659164861274
3,0.028971724728699685,0.9,1.1882887976305316,0.010304414971661185,0.002792297435181176
4,0.028971724048540617,0.9,1.1882627307744564,0.010280438115998677,0.002780294215166421
