step,loss,param_0,param_1,grad_param_0,grad_param_1
0,0.015982110694960215,1.023106076689779,1.3041152054129435,0.01684513293852404,0.026292986367050613
1,0.015557577194983475,1.0093388020924001,1.2816924135842989,0.011490563988443399,0.020718651070009468
2,0.01533341882074161,1.0000257945497928,1.253443201924688,-0.0011853424573008673,-1.0604131527751576e-05
3,0.015330862754973543,1.0012627572804165,1.2532337895648784,-0.0009107392152478669,0.0004361813328230906
4,0.015309010872616621,1.0157465416551694,1.2470576667097568,-0.00020582911044327766,0.001588720542215508
5,0.015308634709304872,1.0219872574346998,1.239798267040721,-0.0027115714156552514,-0.003246537893850605
6,0.015270988809000048,1.05,1.2279274145216261,0.00021383975861850646,0.0016049031113693204
7,0.01527098887620529,1.05,1.2279274145216261,0.00021383910969685708,0.00160490189786756
