step,loss,param_0,param_1,grad_param_0,grad_param_1
0,0.01694065231872063,0.9703474005074164,1.1969012096452682,0.0077447762294696465,0.006251080411191524
1,0.016919050554768104,0.967708082575442,1.19468404868963,0.004102422447327602,-0.00028350032460392914
2,0.016908558595220065,0.9650030789446673,1.1946310305867263,0.0025611216784755205,-0.0028640500757058096
3,0.016885796225594385,0.9570453307687398,1.196758207728747,-0.00028957456008615336,-0.00787359953083703
4,0.01674242384753642,0.9,1.2209851011772028,-0.004444410549668312,-0.01506515284609701
5,0.01669524965796871,0.9,1.2338222299275163,0.0057102774572235886,0.0031518510037417675
6,0.016690428198818115,0.9,1.231601188670109,0.002780307836004249,-0.0019344627911985195
7,0.016690428198375965,0.9,1.2316011894118626,0.002780307466667776,-0.0019344633774595298
