step,loss,param_0,param_1,grad_param_0,grad_param_1
0,0.020684376799577613,0.963316580156205,1.182531578653675,0.0039099206038711925,-3.2572321528538846e-05
1,0.020659079802597704,0.9555282335817984,1.182833242446697,0.0018521988749309417,-0.004226882989027749
2,0.020610863295169528,0.9383523794774189,1.1875163633318702,0.0002307683540257483,-0.007715753516078541
3,0.020483288709840654,0.9,1.2199778643197476,0.007936327656762408,0.0074982421082875885
4,0.0204629689343785,0.9,1.2140717109140011,0.0046463922290514974,0.0013036465935073191
5,0.02046118578971572,0.9,1.212828766681442,0.004242497416100085,0.0003447917881786934
6,0.0204610153298578,0.9,1.2126721556079199,0.004129836327649486,0.0002002130946753178
7,0.02046081457088671,0.9,1.2124552800301256,0.0038750945541253254,-0.00027048558936490323
8,0.020460814570485247,0.9,1.2124552801533348,0.003875094537893889,-0.0002704856177154686
