step,loss,param_0,param_1,grad_param_0,grad_param_1
0,0.013859643807959125,0.9746332315290737,1.205488654910179,0.01157204868431733,0.013426508961398445
1,0.013794395210343684,0.9710392593364233,1.2011147871671337,0.006140012704957834,0.0028724053346457137
2,0.013775196296958904,0.9673599803596418,1.19972721502456,0.0017165507192880923,-0.005106114446915741
3,0.013640276801545871,0.9301624683726298,1.2223755109689378,0.004825101789282733,0.0015917087953159752
4,0.013551497041144727,0.9,1.2374431807111752,0.0011027822118868987,-0.0045324732806983365
5,0.013550653303631708,0.9,1.2385972935873433,0.001852048070421756,-0.003256345729218925
6,0.013550442724886817,0.9,1.2397939187287956,0.003167466238175115,-0.001391598309860393
7,0.013550442727192271,0.9,1.2397939187287956,0.003167466119493359,-0.0013915985041006939
