step,loss,param_0,param_1,grad_param_0,grad_param_1
0,0.011696352416556168,0.9783070487395384,1.212665355352965,0.01695710116190176,0.024587678260476524
1,0.011568777901459387,0.9735116768074602,1.2053789067384322,0.0032657032184663097,-0.001105044737813274
2,0.01155125561123966,0.9682430797069673,1.2067058353882785,0.002521320053509921,-0.0025611567155848975
3,0.011498083908085063,0.9364720601412019,1.217172758405236,-0.007950216495063092,-0.021182574123658867
4,0.011447802448742833,0.9265428507687427,1.2244141078176103,-0.005123771240825748,-0.015681416092686175
5,0.011427209186912732,0.9247762588470846,1.2297692733026133,0.0009532348876858858,-0.004228862350607914
6,0.011425109391510866,0.9241268994731805,1.2314052183065596,0.003223566579717437,-0.0006526862890759585
7,0.011425109412652158,0.9241268994731805,1.2314052183065596,0.003223567188140501,-0.000652685620029883
