step,loss,param_0,param_1,grad_param_0,grad_param_1
0,0.019511915249952556,0.9948048581574604,1.246756844740204,-0.008335914933154248,-0.01632200313780191
1,0.019304284895406632,1.0050330643706817,1.266396812619501,-0.0005823318197944786,-0.0030906733439187983
2,0.01928753565164481,1.005722255705341,1.2710307559795557,0.0004555603134496674,-0.0011924960861561327
3,0.01928077192975919,1.0042556715758721,1.2745784474309558,0.00125360136412043,2.1252881183673588e-05
4,0.01921063174297343,0.9,1.37877083847305,0.008583365442275104,0.006149455053107513
5,0.019175914678124895,0.9,1.3682857782002056,0.007424363072368336,0.004958513490837015
6,0.0191625843306227,0.9,1.3547977772495805,0.004023854877297096,0.0005122553093154475
7,0.019162584374883652,0.9,1.3547977772495805,0.004023854866689128,0.0005122553825730534
