step,loss,param_0,param_1,grad_param_0,grad_param_1
0,0.01674261309950739,0.9683284821265326,1.1858559793015102,0.00024955479224890713,0.008720661523689159
1,0.016729925021450945,0.9681692242723946,1.182762798252415,-0.00398677396391462,0.00034891267081100163
2,0.016628684245562464,0.9947532074476898,1.1681960309722432,-0.005599995323380642,-0.003370939910570088
3,0.016438699406554402,1.05,1.141576478053484,-0.0038207500156934296,-0.0012447422039489546
4,0.016437971656825104,1.05,1.1419874562035732,-0.0029028607837762585,0.0005938526558405658
5,0.016437971700037416,1.05,1.1419874562035732,-0.00290286069774024,0.0005938533756432451
