step,loss,param_0,param_1,grad_param_0,grad_param_1
0,0.024788257545468616,1.0028624542777749,1.251868954535486,0.00715590109485533,0.025827138754155897
1,0.02414006317880178,0.9852769753342946,1.1964629575621732,-0.0023646134701957697,0.010743041495014403
2,0.0240824369861652,0.9894876996409366,1.1810753919810468,-0.006887853707094178,0.0018879662777711807
3,0.02395801517972899,1.0095215364556072,1.1642859338373954,-0.010541933846491708,-0.005684089772226666
4,0.023666982455796338,1.05,1.144549511503174,-0.010478417992126923,-0.007299567397575705
5,0.02363913793511261,1.05,1.150793717149053,-0.006465093480801721,0.0020343609710862217
6,0.023639137935554146,1.05,1.150793717149053,-0.006465093647269229,0.0020343603085737566
