step,loss,param_0,param_1,grad_param_0,grad_param_1
0,0.017962798398282482,1.039486752940756,1.3421286166513013,0.04783630733111934,0.06884825389631816
1,0.012423425624230051,0.9761905405932361,1.2412181399705968,0.011059671586008391,0.014384696656814343
2,0.012373872605247962,0.9696499965424266,1.232098522732801,0.0022264485427128493,-0.0013161246821598105
3,0.012317275364428944,0.9374680403231763,1.2467804385514882,0.00028671667711341017,-0.004033790648985813
4,0.012286605106908058,0.929325734443359,1.2620048283651775,0.005699380448232393,0.005204063835513462
5,0.012234752816447201,0.9,1.2721769853286977,0.001231326211163672,-0.0014551838643830084
6,0.012233090949330842,0.9,1.2738127602501315,0.0024257446090303024,0.0008167963563230422
7,0.012233090957833093,0.9,1.2738127602501315,0.0024257445403147154,0.0008167962280298439
