step,loss,param_0,param_1,grad_param_0,grad_param_1
0,0.010614459055224446,0.9887854219686297,1.2333637765936447,0.026746658564145123,0.056441411035419824
1,0.010041646054151646,0.980751293103249,1.2160255119919186,0.00975130322755176,0.025710201718235272
2,0.010030202253220037,0.9763268035756059,1.2014176346789451,-0.010786931148674241,-0.012996390034730064
3,0.0099621067027216,0.9789975060643771,1.2061384022046484,-0.003791272678337427,0.0005457615583327122
4,0.009956350523111349,0.9804734883669596,1.2059333742117364,-0.001923245549620596,0.0037249236443084163
5,0.009727797845315153,1.05,1.1735012965101626,0.0008811510154698059,0.008951904231975215
6,0.009725878594852187,1.05,1.1724388086071225,-0.0031136665030078365,0.0003713437204990234
7,0.00972587857918372,1.05,1.1724387831326892,-0.0031136585317544695,0.0003713588035528679
