step,loss,param_0,param_1,grad_param_0,grad_param_1
0,0.03200447866126063,0.9564252573157568,1.1574476496091097,-0.004166267944841659,0.005533532198087959
1,0.03193052144998132,0.96685127884041,1.1494663805098433,-0.006867563408703828,-0.0008132136196681841
2,0.031577228503730875,1.0405473169008492,1.1078410077455079,-0.016708982411434987,-0.02584583782566347
3,0.031412056398570566,1.05,1.1085697947296465,-0.010224384087256382,-0.009417241743700242
4,0.031381770582621586,1.05,1.1110550303376792,-0.00912192958585462,-0.006363038583083466
5,0.03136317516894445,1.05,1.1137550732002064,-0.0066499462190379695,-0.00020534835236720199
6,0.03136135441906567,1.05,1.114753548018958,-0.00603071225327032,0.0014618812534018364
7,0.03136135445104534,1.05,1.114753548018958,-0.0060307121619512395,0.0014618817169235552
