step,loss,param_0,param_1,grad_param_0,grad_param_1
0,0.017642921684961888,1.0018232147071142,1.2620645539784783,0.0004140488496538041,-0.000617523414840497
1,0.01764206823424909,1.0014074475540584,1.262687842704975,0.0005679444310053502,-0.0002965062644780074
2,0.017640486621253153,0.9978651203040676,1.2656973085903387,0.0009068147167833329,0.00024769635796448655
3,0.01760070894096088,0.9,1.3396220072044807,0.006462412177073391,0.005614776376264875
4,0.017592563910616827,0.9,1.3326866204999348,0.004741427623511224,0.0034092501330193307
5,0.017592511660195626,0.9,1.3321988734842016,0.004401770953169975,0.002998555952356782
6,0.017592509161527266,0.9,1.3320447361521757,0.004372604089576801,0.0029894439565297977
7,0.017592509161682212,0.9,1.3320447361521757,0.004372604087090288,0.002989443953540725
