step,loss,param_0,param_1,grad_param_0,grad_param_1
0,0.01907133228028366,1.024053384917373,1.3052405132562697,0.03688745143112519,0.06392344083672583
1,0.015541550487194855,0.9849109789121934,1.233594607210356,0.014746072782448126,0.03478146648984147
2,0.015129083679665636,0.9786739966287211,1.2109023080320243,-0.00230287370419359,0.004751777791023082
3,0.015114837118271303,0.9807618478980389,1.206604513052336,-0.005373549196540593,-0.001464263959634045
4,0.015010667751991169,1.0068917811469151,1.1897341515054036,-0.007609047165988815,-0.00598030779065978
5,0.014841538817632631,1.05,1.1666430892770392,-0.008967088369034773,-0.0108764263243088
6,0.014818943185830913,1.05,1.1710964799430028,-0.003977524290620229,3.212620193662795e-05
7,0.01481894318044356,1.05,1.171096400877735,-0.003977511580229333,3.215045229104673e-05
