step,loss,param_0,param_1,grad_param_0,grad_param_1
0,0.020292070100988217,1.017649178371302,1.2840252877507252,0.025198835051990665,0.0533551752551472
1,0.01889516387766228,0.9992812390147273,1.2458667099630556,0.018213698979787196,0.04520129803668942
2,0.018529659643177543,0.9970321601450363,1.2342142447576179,0.014112675731202593,0.0393211675462254
3,0.01766695478099183,0.9979641291393704,1.1902254303537305,-0.002351529819734315,0.0110109371839928
4,0.017618187345284524,1.002049682145495,1.180427514246979,-0.008523448462011297,-0.0019089579948665526
5,0.01737599737088853,1.040889738074251,1.1556352375429535,-0.013354798581886809,-0.01199584723036911
6,0.01727247135197537,1.05,1.1551680388339434,-0.009659083932644669,-0.004597630511033373
7,0.017261541284566254,1.05,1.1575957737699059,-0.007418161100228102,0.00013405300391907977
8,0.017261541284659294,1.05,1.1575957737699059,-0.007418161105071498,0.00013405300175709997
