step,loss,param_0,param_1,grad_param_0,grad_param_1
0,0.025884935768442537,0.9915402666179977,1.226916298140893,0.014548399733332235,0.03968733251273723
1,0.025199294692658972,0.9805898589439718,1.2008212092509531,0.006472443873746009,0.026719014651346074
2,0.02486190409065211,0.9777643040552446,1.174299875039199,-0.007109397771173859,0.0012755916802002555
3,0.024341906842022566,1.05,1.1293423768381063,-0.009798190602533195,-0.005478795878229809
4,0.024321188006759906,1.05,1.1335628911418387,-0.007977859651779905,-0.0010032047147367712
5,0.024319431739920162,1.05,1.1345089203240069,-0.007239585646211097,0.0006738701896862277
6,0.024319431699232782,1.05,1.1345089039078264,-0.007239583118221519,0.0006738749351506987
