step,loss,param_0,param_1,grad_param_0,grad_param_1
0,0.014745169469524193,1.0428458598610602,1.3461051474577432,0.044684327623234245,0.06318031950962988
1,0.012215173455659215,1.0122556731329189,1.2985449352845408,0.03436907028138035,0.05322970276996009
2,0.011313489493157136,1.0026813580289755,1.2773464741155829,0.026976608445042273,0.043865587967800296
3,0.010754737901945288,0.9757047495839333,1.2334808861477826,-0.011564675773255763,-0.020346777581739767
4,0.010659285931709174,0.9838030235424263,1.2473782282882409,0.00355470715669732,0.00643212367979084
5,0.010653633241321745,0.98189857506014,1.2440404389921842,0.0013552471507421507,0.002573795322860653
6,0.010653474776431162,0.9813997413619888,1.2430939334277769,0.0008536825858755436,0.001712869731398102
7,0.010653474775824675,0.9813997409366735,1.2430939324759285,0.0008536827443715421,0.0017128700073874982
