step,loss,param_0,param_1,grad_param_0,grad_param_1
0,0.015714768858649027,1.05,1.3636050953104504,0.05131093419383468,0.06919741851116432
1,0.00888346587527127,0.9785932541729132,1.2557518787579873,0.019208949301667465,0.031269047395451846
2,0.008652534806152811,0.971280393814765,1.240152885769195,-0.001825988381016024,-0.003254785036494461
3,0.008652073020472885,0.971903322887581,1.241630742924348,0.0014881921075097643,0.0027637782754546744
4,0.008651417374607622,0.9716259579351129,1.2409508015656612,0.0001919785566231138,0.0007948552463423967
5,0.008651409516290027,0.9716140334538839,1.2406571149173342,-6.062319194087898e-05,0.0002744557497741432
6,0.008651409261550549,0.9716167420478206,1.2406500531657594,-0.00020129753543078068,1.9287572206332657e-05
