step,loss,param_0,param_1,grad_param_0,grad_param_1
0,0.038245223192746584,0.9427633218179935,1.1421071177112299,0.006272798686727363,-0.0013439032804930182
1,0.03822371660489035,0.9384983432594532,1.1423219216140676,0.0032359500541708306,-0.007900081477043897
2,0.03810906615937997,0.9179552547334601,1.1494736528454983,0.00044125502071720203,-0.013455729625286104
3,0.03808876799807829,0.9144242937534353,1.1629448037425034,0.014256215796215072,0.014379262390479014
4,0.03795162024898082,0.9,1.1622646196687731,0.0062831229733472105,-0.0012943900449564547
5,0.03795007097768158,0.9,1.1628955909099934,0.006901393915022536,-3.256407459281685e-05
6,0.0379499153491754,0.9,1.1629770086135736,0.00690900686393794,-2.844857951218166e-05
7,0.03794947892468908,0.9,1.1635398128372736,0.007860231534050754,0.0018427866809272928
8,0.037949478922603884,0.9,1.1635398067826332,0.007860233161637708,0.0018427907452897609
