step,loss,param_0,param_1,grad_param_0,grad_param_1
0,0.016787672975944967,1.0056157863126258,1.2696364069979742,0.005467383364176114,0.008277399571177669
1,0.016758657339072912,1.0006183054781248,1.2619039444154716,0.002579875932451082,0.003796267476170962
2,0.016757826312375462,0.999752532440151,1.2606332870482235,0.002235482778105138,0.002928487856129466
3,0.016757826331633596,0.999752532440151,1.2606332870482235,0.0022354827788571468,0.0029284877118363785
