step,loss,param_0,param_1,grad_param_0,grad_param_1
0,0.012781579070487048,0.9797694941666095,1.2117565236289454,0.007921636872565693,0.017141208311958624
1,0.012726568385433902,0.9769673962373568,1.2057182763237684,0.006031847358091426,0.014433150532191555
2,0.012681860170793315,0.9745543646411604,1.1956775614828046,-0.0008167353590430447,0.002532096153426276
3,0.012681860188357008,0.9745543646411604,1.1956775614828046,-0.0008167364537707331,0.002532094265031087
