step,loss,param_0,param_1,grad_param_0,grad_param_1
0,0.02233514672170432,0.9609709284112269,1.1808959998566875,0.010518494362187884,0.002194624397395078
1,0.022303596954501695,0.957056734597435,1.1802636593075813,0.007803192173022023,-0.00285506680064728
2,0.02218882881682177,0.9399038932449507,1.1837960170206063,0.004679365198529459,-0.00868085553213312
3,0.021825784104264348,0.9,1.2086148170296658,0.00627324357271147,-0.005496744402385932
4,0.021810103246596425,0.9,1.2128543654874413,0.010024896736861522,0.0005971719487027011
5,0.021810103022787724,0.9,1.2128543105066607,0.010024911553181585,0.0005972039204857837
