step,loss,param_0,param_1,grad_param_0,grad_param_1
0,0.0070386977288473245,0.9838459075858847,1.2278354873588913,0.06256518418330913,0.0910127221722956
1,0.006161241323814625,0.970961984146321,1.2059247734855978,-0.01831698874870865,-0.054028308518374965
2,0.006002714255381592,0.9738821592013064,1.2140852462860223,0.017446690831354333,0.007123846381605788
3,0.005977968144572558,0.972062485727657,1.2133656783981974,0.013601720121543941,0.0013182699315805431
4,0.00594506631399859,0.9649812327827357,1.213628862625243,-0.005268203466979066,-0.03188300053153457
5,0.005890081796326812,0.9617120189486374,1.2163578001762574,0.0002056280288854095,-0.021712277388773998
6,0.005306432720216693,0.903741848418054,1.253448834024764,0.013805301309287654,0.007384282292369303
7,0.005277196061663617,0.9,1.2547762408570324,0.008324938344954357,-0.0010955582682205594
8,0.0052771960606880835,0.9,1.2547763992766459,0.0083248707249468,-0.0010956805400012199
