step,loss,param_0,param_1,grad_param_0,grad_param_1
0,0.014643406635140022,0.9714256163608698,1.2018129524313488,0.014460500874652301,0.006089314802355118
1,0.014597797539597992,0.9667079287224098,1.1997935507071231,0.009954299046992533,-0.001697988222662975
2,0.014520216182181462,0.9555639308236232,1.2006519673448863,0.0060381087474184695,-0.00826999641966359
3,0.014353055335269307,0.9209145340728015,1.2099802968127167,-0.004586401453036154,-0.026525084682335352
4,0.014035786657534074,0.9,1.2291075311800184,0.0013959274248950605,-0.016396535826965375
5,0.013953097768363069,0.9,1.2379552481211937,0.00996674921359181,-0.0019734199492665123
6,0.013950425858486151,0.9,1.2391658229557325,0.010945734419226088,-0.0006504636418362313
7,0.013949339203295705,0.9,1.23976103151339,0.011591285783236576,0.0004747423924144926
8,0.013949339239228807,0.9,1.23976103151339,0.011591285320285936,0.00047474156222887184
