step,loss,param_0,param_1,grad_param_0,grad_param_1
0,0.01985284058604285,0.964423703721367,1.1879958092032192,0.012877973219568836,0.005597619608026168
1,0.019805536433350313,0.959924331445702,1.1860002753380807,0.00888633094119277,-0.0015184891540231142
2,0.019737636160228583,0.9491723857102428,1.1868385433906699,0.004086857442439128,-0.009981131050781893
3,0.019589452398773195,0.9242029453131523,1.1948185141315055,3.404660575174242e-06,-0.017539098970404763
4,0.019518661659421843,0.9,1.2461672592252802,0.028734063494717018,0.028705949714842978
5,0.019270629670451345,0.9,1.2239153955863045,0.012168826070817755,0.002779122011948648
6,0.019270629654742282,0.9,1.2239148064339103,0.012168988876167932,0.0027794528657501013
