step,loss,param_0,param_1,grad_param_0,grad_param_1
0,0.010530031326535936,0.9859246414350586,1.2320920761234957,0.02841935063137155,0.054860707140309134
1,0.009959946677380796,0.9783385201053878,1.2162124631323659,0.01036961430692971,0.024052229519520022
2,0.009931828542319707,0.9741309070192182,1.2037269730477187,-0.006909250066087647,-0.007597716817909604
3,0.009902667674056547,0.9760246442719658,1.2066088433317588,-0.0032862680540737235,-0.0012600706759978712
4,0.009883849580191499,0.9812119401519998,1.2083604592052017,0.0003968397330226909,0.006204381935388924
5,0.009882854286309148,0.9810860100274201,1.2066908920686121,-0.0017112611842800122,0.00126441693069807
6,0.009759062394649914,1.0435489267374463,1.1719772344055268,-0.0021257179382648404,-0.001118501366249152
7,0.009748861561557291,1.05,1.1697332534818572,-0.00029328158071625834,0.002311439841529467
8,0.009748861706172169,1.05,1.1697332534818572,-0.0002932844481054137,0.002311434621624912
