step,loss,param_0,param_1,grad_param_0,grad_param_1
0,0.010094220159374166,0.9861526702178447,1.2281526341307756,0.027758914207127835,0.046724902635150084
1,0.009671512832738694,0.978305891742663,1.2142817736751588,0.011942962091794022,0.020091616173725957
2,0.009593918225854446,0.9723805130042359,1.2038179401502636,0.0012354830111291327,0.001430735686137323
3,0.009593918427323876,0.9723805130042359,1.2038179401502636,0.0012354798567295747,0.0014307295171421348
