step,loss,param_0,param_1,grad_param_0,grad_param_1
0,0.03168671241401509,0.9471873995479102,1.1611993572038426,0.012341123304010257,0.008034926660313867
1,0.03164469852489694,0.943266085997736,1.1602684771656635,0.008601362570602077,0.00022479436990222815
2,0.03148235768949471,0.9212294542257234,1.166475008912553,0.004754657511910155,-0.007317945235919206
3,0.031447709065450254,0.9143526580693788,1.1818343521701682,0.014046868322895832,0.010432851513780402
4,0.03130441765858991,0.9,1.1787929249027156,0.007209601603877543,-0.0019846066298474154
5,0.03130006779257369,0.9,1.1804338112442945,0.008669452872497187,0.0008791908138406209
6,0.031300067677277534,0.9,1.180433793069131,0.00866945770257639,0.0008792012831164639
