step,loss,param_0,param_1,grad_param_0,grad_param_1
0,0.01490491179905083,0.973026838964332,1.2023645179650695,0.009667889019693475,0.009735532630392792
1,0.014862577248763288,0.9699114058618554,1.1990831671427806,0.005221070279913718,0.0012287564855417024
2,0.0148478942782567,0.9666542253859622,1.1983997372503534,0.0020688186471073838,-0.00418212948195883
3,0.014798036115579977,0.9503053779322174,1.2043385177487458,-0.00020027653977631706,-0.008049303490807087
4,0.01461689988624434,0.9,1.2382292904326595,0.003750952730691229,-0.00022150824567472756
5,0.014616899890973098,0.9,1.2382292904326595,0.0037509521028579263,-0.0002215092537586733
