step,loss,param_0,param_1,grad_param_0,grad_param_1
0,0.013219159566998243,0.9587445114178447,1.1656752383528939,0.0019699674340046087,0.017528683927979367
1,0.013180716158304764,0.9580821572202947,1.1620213812950406,-0.001954039812891272,0.009113750307626586
2,0.013165764090820996,0.9595702951162154,1.1575239556458088,-0.007930717875357322,-0.004794316744048993
3,0.013117038953625159,0.9685484067709215,1.157174598935366,-0.002632051657677953,0.00824175020993308
4,0.0130055581082952,0.9926347599300128,1.1494180124017976,0.0015903392650345582,0.01755679098081473
5,0.012905619890177054,1.0031745772201224,1.1393643285313866,-0.007501515605684966,-0.003863210546318133
6,0.012905619909036036,1.0031745772201224,1.1393643285313866,-0.007501515560938374,-0.0038632103720558737
