step,loss,param_0,param_1,grad_param_0,grad_param_1
0,0.0179255863280294,0.9684884215528727,1.193139015030244,0.006399616056710571,0.00407316863881251
1,0.017911228324382432,0.9661858457085339,1.1916279806751542,0.0031464708610315466,-0.0018316939542698208
2,0.01787677597154626,0.9553596118581711,1.1938012969720593,0.001536882351127262,-0.00489116094394213
3,0.017815338579534146,0.915156393192476,1.2060393604739075,-0.006028248449626834,-0.018263219748620007
4,0.01773736389958552,0.9,1.216584916238914,-0.004877066908509942,-0.015780278510522917
5,0.017714716331759327,0.9,1.2343320626469847,0.008235303978551888,0.007549784278030867
6,0.017683521340707758,0.9,1.2285889522170677,0.004852026630900958,0.0017475365001472882
7,0.017681718547132647,0.9,1.2278131254266145,0.0036582220817297562,-0.0003896803619708525
8,0.01768171858660981,0.9,1.2278131254266145,0.0036582203259638586,-0.00038968339281999966
