step,loss,param_0,param_1,grad_param_0,grad_param_1
0,0.01873072046997095,1.0325305049825877,1.3167199678560835,0.029525217700199547,0.05475988739204911
1,0.01506400762922089,0.9864667593059794,1.2294744968609408,0.014205051951829547,0.039810983558529106
2,0.014593886784420784,0.9813606325148525,1.2040824876833494,-0.002944129394880906,0.010397425879259868
3,0.014551178213805402,0.9868265015375837,1.1924309350831865,-0.009838992339139627,-0.0042315720387051045
4,0.014093578433661528,1.05,1.160523629074483,-0.011073851100617595,-0.007298589446097566
5,0.01407387129970505,1.05,1.1639222479433144,-0.008465799052802404,-0.0012864122547829337
6,0.014072080796326634,1.05,1.164649442904986,-0.007554815704956402,0.0008588348445405496
7,0.014072080795790531,1.05,1.1646494424025122,-0.007554815681751828,0.0008588348989998316
