step,loss,param_0,param_1,grad_param_0,grad_param_1
0,0.014988743715750284,0.96422790775633,1.1842740601579214,0.019588162231712974,0.024803406041888132
1,0.014857090579185743,0.9600596762939109,1.178435479782236,0.009789955143147218,0.006548561433257053
2,0.014829844245907147,0.9561116674043921,1.176224686237029,0.005057717940188854,-0.00277392312276176
3,0.014814099963391301,0.9523019620163822,1.1766744682120394,0.0026470723126700447,-0.007652720601679984
4,0.014745629501464097,0.9347475727187331,1.1825756745011078,-0.003727970659128481,-0.019814078385659305
5,0.014508241949291146,0.9,1.2037463003638176,0.0020414300075629072,-0.008578230806584038
6,0.014499972912128217,0.9,1.2054482939996176,0.0055698784626817925,-0.0017168695680197564
7,0.014499440528523547,0.9,1.2058741717484591,0.006875690354246458,0.0008123139546232973
8,0.014499440602557692,0.9,1.2058741717484591,0.006875689715901516,0.0008123124298903559
