step,loss,param_0,param_1,grad_param_0,grad_param_1
0,0.011109251890756787,0.9821011230935388,1.2187287975020367,0.021932422249969212,0.03910157786235347
1,0.010894521651877797,0.9757823528735814,1.2071165121854794,-0.0023732219388934296,-0.0056914190486938385
2,0.010892551236969526,0.9763992395439329,1.2085920195773867,0.0005662783102276729,-0.000845817410785312
3,0.01089255085463951,0.9763873726548443,1.2086126719734531,0.0005870667909504791,-0.000809249133014467
