step,loss,param_0,param_1,grad_param_0,grad_param_1
0,0.0202898699012259,1.0180836446021073,1.2837053102543865,0.020217120456599298,0.047199900065173855
1,0.01767151790257517,0.9862521189039309,1.2127129969620802,0.005944169589546477,0.028986838013692902
2,0.017446178786190637,0.9857101259972753,1.1996220301218918,-0.0027833742589790417,0.01335839324802309
3,0.01732010924334868,0.9944266567606573,1.18366141330252,-0.012894744096455014,-0.007223707200478182
4,0.016826290861546623,1.05,1.1570542805906203,-0.011905815250536966,-0.007189164254883459
5,0.01682067529995938,1.05,1.1612483102606397,-0.006322047803611635,0.004841555770619358
6,0.016816751408684938,1.05,1.159560495357792,-0.008429709206369547,0.0004892443428875176
7,0.016816744231222275,1.05,1.1595055899527915,-0.008606200295255216,0.00018676816749172787
8,0.01681674422195943,1.05,1.159502759633631,-0.008628667352737988,0.00013840931910263747
