step,loss,param_0,param_1,grad_param_0,grad_param_1
0,0.011972775760777595,0.975288649205637,1.208998477056013,0.02191623707759085,0.018131896646002447
1,0.011882726108638393,0.9689785736991433,1.2033133240167768,0.007768854126035363,-0.00689695186349844
2,0.011323021785168206,0.9014604037740755,1.2332450642176132,-0.004120197098774142,-0.026462716316918298
3,0.011252027357119191,0.9012528902181833,1.2553942922353536,0.026863054200491017,0.022864056284974052
4,0.011176074509624356,0.9,1.245975191464933,0.01086357503194079,-0.0024670657884369746
5,0.011174653563112239,0.9,1.246969429356345,0.013454838741738603,0.001931591978712629
6,0.011174625313291189,0.9,1.2468048019501121,0.013133763987415692,0.001548857329600729
7,0.011174625311258872,0.9,1.2468047973998828,0.013133765268887423,0.0015488597903001084
