step,loss,param_0,param_1,grad_param_0,grad_param_1
0,0.01151590837552921,0.9813171622086241,1.2169124868953325,0.021391751550573657,0.03808015572171234
1,0.011329721062930195,0.9751909709203644,1.2056737495439143,-0.0033784089719031633,-0.0070597085125442185
2,0.01132642967639461,0.9760259704694878,1.2074317503230505,1.6583374023375124e-05,-0.0010214546246808912
3,0.011326429696145791,0.9760259704694878,1.2074317503230505,1.6583345085095943e-05,-0.0010214548390608954
