step,loss,param_0,param_1,grad_param_0,grad_param_1
0,0.01855683744964645,0.9983121137896396,1.2546541683013221,-0.004138162696008035,-0.00833444699710172
1,0.018491080414623218,1.002836715893378,1.2637103430213434,-0.0012070387436233306,-0.003448289673331659
2,0.018469617429010505,1.004594787457282,1.2701646088267535,0.0012541551415426759,0.0003278457752852529
3,0.018469617420468484,1.0045947847523498,1.2701646083482798,0.0012541556438852958,0.0003278465587353593
