step,loss,param_0,param_1,grad_param_0,grad_param_1
0,0.012212996018464536,0.9794150620795106,1.2138191660544553,0.009876759516042019,0.013978888585409256
1,0.012150958821380177,0.9759251159935617,1.2087167188012649,0.0022685244246322643,0.00022119976339313088
2,0.01214706175725071,0.9749475056068029,1.2085998533573454,0.0015378051605804159,-0.001542529163821054
3,0.012137327351236071,0.9711230875169284,1.2094341482464572,0.0007175290867378981,-0.0027570736631902697
4,0.01211642171432989,0.9596319280448767,1.213041738987243,-0.001151233018312816,-0.006241480873497782
5,0.012095095587130147,0.9399605605776894,1.2209264086064648,-0.00582734864831886,-0.013708947058758381
6,0.012040604093814354,0.911996315937662,1.242817506411384,0.00013900937262522868,-0.0025309786128044774
7,0.012040604107912165,0.911996315937662,1.242817506411384,0.000139009209029546,-0.0025309790900988364
