step,loss,param_0,param_1,grad_param_0,grad_param_1
0,0.011533036349564568,0.9803886886660872,1.2159156188288092,0.011363632581285494,0.016522254529200538
1,0.011436528917479493,0.9765089717495804,1.2100807584911288,0.002707498840431031,-1.1559329988608882e-05
2,0.011432718335568455,0.9753907021799271,1.210034974074432,0.0006621495035757303,-0.0035917355346930992
3,0.011407715911782471,0.9637370151488514,1.2158882559305795,0.0004557745142953493,-0.0032229245100147052
4,0.011319569278557604,0.9022829681629485,1.2470520770951208,-0.004408677664955979,-0.009845634685006887
5,0.011316450007726181,0.9021320700648476,1.248275539466102,-0.0016336287676474526,-0.004679610869934136
6,0.011316450003780424,0.9021320504862441,1.248275740916166,-0.0016336234637839091,-0.004679599151297472
