step,loss,param_0,param_1,grad_param_0,grad_param_1
0,0.01726821909530001,0.9681011212187759,1.1954759339363763,0.015251796456095389,0.008597675106041286
1,0.01720715514018959,0.9630337138727986,1.1924441003050987,0.008637606073726833,-0.003441837590726035
2,0.017159342291426665,0.9562850872729983,1.193382802055455,0.005882969592780227,-0.008110694625639164
3,0.016948133226281102,0.9189790083037211,1.2052591986454253,-0.002813739477114116,-0.0228328656150417
4,0.016632451897805208,0.9,1.236036034384444,0.017113392220292144,0.010344422401667094
5,0.01662254656223518,0.9,1.2301771316191688,0.011327718748654219,0.0008646959894346288
6,0.0166225464084476,0.9,1.2301769660525035,0.011327765961994803,0.0008647903341114436
