step,loss,param_0,param_1,grad_param_0,grad_param_1
0,0.010935306097728798,0.9815423930218702,1.218344855504695,0.01469049574793425,0.02214751305332394
1,0.010793674723842725,0.9767120805255209,1.210776150357733,0.002252908089443417,-0.0009714007659020062
2,0.010782255008298755,0.9726403372732296,1.2122032348339595,0.000940096693490754,-0.0035779448049547955
3,0.010696438497658271,0.9069906333031788,1.2418408762853224,-0.00953887339485576,-0.019144941721614933
4,0.010682148455184911,0.9139217135423049,1.2409532750124448,-0.004118518970159118,-0.009910496894576497
5,0.010662179975372704,0.9,1.2539873089844586,0.0017993458566845384,0.00016716411192367218
6,0.010660874710390216,0.9,1.25364468127782,0.0017593365132651327,9.702384653333162e-05
7,0.010659244675939171,0.9,1.253170730148009,0.0010970774267502312,-0.0008670710757096439
8,0.010659244675960224,0.9,1.253170730148009,0.001097077426650067,-0.0008670710760043886
