step,loss,param_0,param_1,grad_param_0,grad_param_1
0,0.014702524210611558,1.0228756027156265,1.3063258151958184,0.03562966508023081,0.05461176844072183
1,0.013022320266081246,0.9986917927999476,1.2659837054032033,0.0169605650379718,0.029236059876704915
2,0.012797407827885673,0.9898522590292896,1.2468774704293202,0.004377570906489504,0.008106089513648352
3,0.012792929257265885,0.9890771532233709,1.245002219935785,0.0015276812650274118,0.0030044629596071002
4,0.01279292913523469,0.9890770911915707,1.2450020510873012,0.0015277357435360523,0.0030045642065247035
