step,loss,param_0,param_1,grad_param_0,grad_param_1
0,0.019912606396858396,0.9734375137452169,1.204293182939064,0.013103505316503516,0.014296509646772714
1,0.01979076259504877,0.964631046683683,1.19319058968904,0.008926792240154524,0.008413917815730669
2,0.01973244190424593,0.956600280767483,1.1863351375917488,0.004987277354006551,0.002006251913188415
3,0.019728594046376065,0.953792499753311,1.1856496284695837,0.0032589579407694986,-0.0009289230517968757
4,0.019714763722500018,0.9464136280484992,1.1870939690146973,0.0026874967324921465,-0.001609328629493264
5,0.019646084391758575,0.9,1.2035659437295403,-0.0013052213698751302,-0.008085106298014101
6,0.0195425984556274,0.9,1.219501568624883,0.005927328064328412,0.003681169646925746
7,0.01954259816184108,0.9,1.2195014987274915,0.005927355064427096,0.003681223969185209
