step,loss,param_0,param_1,grad_param_0,grad_param_1
0,0.016719678922342007,1.05,1.3792347388168442,0.05285001502950826,0.06822946379648157
1,0.0078010538876788615,0.9704945798729869,1.257848993961528,0.033411273391684176,0.054748021406782865
2,0.007536010650303728,0.968393965032018,1.2516554584842943,0.027002948777933515,0.04467977519440994
3,0.0072287565581428855,0.9597667618964413,1.2373806657635427,-0.0048681145678380455,-0.0089117756303972
4,0.007223601608201476,0.961085166117434,1.2397540439689052,0.0015345631993490079,0.0021482020762580217
5,0.007223056160451937,0.9607681664851486,1.239293643032744,-0.0003651935608676162,-0.0010541532531182511
6,0.00722305615940825,0.9607681694560821,1.23929365018576,-0.00036519489186943844,-0.0010541554703601412
