step,loss,param_0,param_1,grad_param_0,grad_param_1
0,0.022542279770093043,1.014192426338263,1.2774391282144482,0.011038869612716606,0.030618347563018865
1,0.022104709643307713,1.0046902935927533,1.252791570167081,0.007703068537467157,0.026607837484868845
2,0.02165566270719632,1.0032426806737256,1.2195751332542808,0.0037186380557228,0.021216039332141008
3,0.021492574289659273,1.0064175151994692,1.2045907728274217,0.00059612331060077,0.016033008330228818
4,0.021282554580495064,1.021389659303924,1.173017187236602,-0.0068969815757717375,0.0008431337350327107
5,0.02119621661819741,1.0408699479777779,1.1548569844181384,-0.010702778026610904,-0.007434448894184587
6,0.021099408008553738,1.05,1.1547671943319624,-0.009191258310030153,-0.004497905461530492
7,0.021083796190145644,1.05,1.1602236538276307,-0.006182821211405143,0.0020362479921550566
8,0.021083796207953254,1.05,1.1602236538276307,-0.0061828212039629245,0.002036247851228726
