step,loss,param_0,param_1,grad_param_0,grad_param_1
0,0.01980060515317257,0.9650638397476263,1.1861503367357906,0.005814084610331329,0.0034004691231694292
1,0.019789064396328063,0.9628700661405426,1.184827683032735,0.0025989917202672522,-0.0028740375082727115
2,0.019760226080598766,0.953667613234776,1.1880288152728797,0.0009970872158956137,-0.005766522065490507
3,0.019576020169157313,0.9,1.220455857524298,0.004841560976381898,0.0016871558892776837
4,0.01957476548544327,0.9,1.2197912129858175,0.0036225982202547015,-0.0005279130460644783
5,0.019574765472558046,0.9,1.219791219139503,0.0036225978034025905,-0.0005279138492888351
