step,loss,param_0,param_1,grad_param_0,grad_param_1
0,0.00935853831707546,0.9845118576966396,1.2215592563803295,0.03405250254352551,0.06436949898945118
1,0.00866674324089441,0.9754538870350293,1.2040482037000306,-0.0009496718409899073,-0.0019274953673822333
2,0.008665295635856458,0.9756994762066901,1.2045574035198292,0.0003104253573030444,0.0004961383799798637
3,0.008665295643973593,0.9756994762066901,1.2045574035198292,0.0003104257118112365,0.0004961389180378423
