step,loss,param_0,param_1,grad_param_0,grad_param_1
0,0.014915130714749546,1.0180482861825897,1.295703740643149,0.02825754095007563,0.044211665808352424
1,0.013956886454086796,0.9979083682626241,1.2618724871377014,0.009074708966511353,0.015713901230597432
2,0.01394023154219269,0.9884452664016861,1.243174326609025,-0.004125771032147042,-0.006989692585486866
3,0.013903932307336662,0.9914056303430685,1.2489293080275223,-5.7863211874877355e-05,0.0001824107760040822
4,0.01390393225066577,0.9914056312379741,1.2489293051995594,-5.78621028258688e-05,0.00018241288723899567
