step,loss,param_0,param_1,grad_param_0,grad_param_1
0,0.01563312048483479,0.9757634576126408,1.2020330714985181,0.005454953171815283,0.020694191769262283
1,0.01555396229224029,0.9737638450137228,1.1951125885712028,-0.0002528474633999311,0.00955050002596846
2,0.015535150294333984,0.9746621839439168,1.188766754843114,-0.0035145448815145247,0.0030701635396921346
3,0.015517497737473756,0.9787692402867589,1.183205936361586,-0.006232574331898414,-0.001883616388262834
4,0.015471778373324134,0.9911940119278257,1.1733359015469802,-0.009146826652132865,-0.007287544426577755
5,0.01542614253386744,1.0133423856591675,1.1574514792978106,-0.01486880620785162,-0.02036331314883434
6,0.015236781500725416,1.05,1.1406325758891742,-0.013969587039429587,-0.020151185891058097
7,0.015161516833150866,1.05,1.1489107085889099,-0.004854691115595961,6.208158736553107e-05
8,0.015161516835596347,1.05,1.1489107085889099,-0.004854691122926797,6.208165396176827e-05
