step,loss,param_0,param_1,grad_param_0,grad_param_1
0,0.018767263687657347,0.9664770189596522,1.1832426344544162,0.00470258374862401,0.01730704028753685
1,0.018708449007835776,0.9649077152613001,1.1780295703990549,-0.0009318766316124159,0.0063847331158555665
2,0.018697776930444186,0.9656541143507695,1.1747310748709476,-0.0043402803164881605,-0.00043109053586007037
3,0.018664380220993773,0.9747830831599423,1.1688325410560645,-0.006691352783132838,-0.0052412793722103525
4,0.01865525093508141,0.9817688021379705,1.163373873741133,-0.01078288698619833,-0.013881005052237029
5,0.01844216761852932,1.05,1.1294371128957996,-0.01293597655932401,-0.02122992033166439
6,0.0183810940265586,1.05,1.1336585757720474,-0.005564331085080776,-0.004691341005818998
7,0.01837740237911244,1.05,1.1348560378699517,-0.0034490729355907083,9.166511124572986e-05
8,0.018377402380007714,1.05,1.1348560378699517,-0.0034490728685570514,9.166526339244923e-05
