step,loss,param_0,param_1,grad_param_0,grad_param_1
0,0.01730010849699506,0.9585973216361743,1.171959932129803,0.012952992838339374,0.013133295542627233
1,0.017249438494761106,0.9559509114525145,1.1689697467424214,0.008933962483526178,0.004838784387069065
2,0.01723541737719052,0.9507235721201001,1.1669077860203119,0.0020944602431151715,-0.008790901879992138
3,0.01716076763380305,0.9416393682383288,1.1740995607081754,0.005035228622238664,-0.0028407947622925557
4,0.01693687121755586,0.9,1.2005785993308473,0.012792045653811914,0.011914433388014786
5,0.01692402484398896,0.9,1.1988644189156368,0.011401098528346844,0.009620745870719543
6,0.016915913143941152,0.9,1.1965810875183671,0.007503205871926711,0.002130157187624936
7,0.01691590102068876,0.9,1.1964294737696861,0.007040251904334141,0.001244170379396478
8,0.01691590112555577,0.9,1.1964294737696861,0.007040250600859253,0.0012441675808439311
