step,loss,param_0,param_1,grad_param_0,grad_param_1
0,0.036127523960740225,0.9445027459947775,1.145286624531166,0.0067298741833821075,-0.0011262702049501397
1,0.03610042671377307,0.9392276023848234,1.145335702379507,0.0027910390087524913,-0.009404169685676561
2,0.03602102254071582,0.9251034327966484,1.1502219791547628,0.00046179543968007087,-0.01398062180027554
3,0.0359740892192556,0.9181149956294052,1.1672065858322975,0.013994187173940343,0.012343407866878197
4,0.03580152412490559,0.9,1.1679385186287665,0.007277243316937358,-0.0001649777452472148
5,0.035800329126244645,0.9,1.168476364644235,0.007466175245376952,0.00014255745053800596
6,0.035800329127924795,0.9,1.168476364644235,0.007466175104374624,0.00014255724048344975
