step,loss,param_0,param_1,grad_param_0,grad_param_1
0,0.040316147931863264,0.9421409583667648,1.1399016590840363,0.007441413496690477,0.0017773084867764386
1,0.04028982662104667,0.9374652704140275,1.1388060385303924,0.0033819321838941484,-0.006966779637093443
2,0.04014663551091928,0.9065030653810148,1.148502982168519,-0.0007443597332977042,-0.014985673256022309
3,0.04008360326627888,0.9048826034622452,1.1599777206402533,0.01128359036788561,0.009468345186244915
4,0.04004582417402729,0.9,1.1561585232702831,0.004577247471428838,-0.0037095230578043023
5,0.04003888256894866,0.9,1.1579136870479727,0.005880588054387916,-0.0011538555434792899
6,0.040037780397018975,0.9,1.158706124030972,0.006912827549068556,0.0009331955429577091
7,0.04003778039141872,0.9,1.1587061207689964,0.006912828407709489,0.0009331976679984037
