step,loss,param_0,param_1,grad_param_0,grad_param_1
0,0.018740573531197964,1.0095319351881389,1.2757718210228153,0.0062631774075037165,0.012708524437612067
1,0.018690578299289343,1.0038645579961625,1.2642297679437382,0.00095380947392647,0.0032422029261710544
2,0.018690556795845026,1.0037017429632342,1.2635548975753599,0.0006587758836549509,0.0026648816013055444
3,0.01869055679461611,1.003701735704654,1.2635546734629313,0.0006587931008896733,0.002664910946573647
