step,loss,param_0,param_1,grad_param_0,grad_param_1
0,0.02091084734247571,0.9928275479383827,1.2385526342550117,0.012382230000109028,0.019493252853599714
1,0.020726364098386723,0.9831714680420778,1.2226022219449002,0.006365339518394146,0.00934397259300375
2,0.02066204922904353,0.9729659483532374,1.207911628688584,0.003165987309252652,0.004151984656744819
3,0.02066135624969988,0.9703889555602553,1.204881756630624,0.0023092471819214228,0.0033536251968817295
4,0.020661356407078918,0.9703889555602553,1.204881756630624,0.002309245725362059,0.003353622141165835
