step,loss,param_0,param_1,grad_param_0,grad_param_1
0,0.01617171909430693,0.9691373117605347,1.192001857857965,0.007510058092447402,0.013781713184463874
1,0.016132689419657138,0.9666142336427314,1.1872797543928384,0.003264614739953235,0.005613996488810479
2,0.016126953358636995,0.9646766525104993,1.1840327197151033,0.00046887573824740407,0.00046758641124827575
3,0.016126953470065892,0.9646766525104993,1.1840327197151033,0.0004688745329004437,0.000467583429133475
