step,loss,param_0,param_1,grad_param_0,grad_param_1
0,0.00705977742958976,0.9890709130213222,1.2377793065439269,0.04850956574720149,0.08426129130998428
1,0.006621135586170363,0.9766451857537288,1.2138876268300685,-0.035230460605005,-0.06387856645368709
2,0.006338201638441764,0.981867309194,1.224192953254872,0.007846194865095135,0.01582413646600529
3,0.006320505753608687,0.9809192601461961,1.2221452446877208,0.001632364514748424,0.004564579762522739
4,0.006320451346786755,0.9808633744768748,1.221947651875524,0.0004482945318338054,0.002707307523434896
5,0.006320451577800834,0.9808633744768748,1.221947651875524,0.00044829116015442094,0.0027073010271058996
