step,loss,param_0,param_1,grad_param_0,grad_param_1
0,0.013767822196661545,0.978284746751835,1.2081540506773658,0.008524428454386838,0.023422499459640922
1,0.01371008629296004,0.9752567068433518,1.2001702754722836,-0.004197862893403135,0.00017487156119845582
2,0.01370469985487681,0.9764877071984507,1.1999833323549647,-0.0035091515807186566,0.001427232680309429
3,0.013633391842867241,0.9953101207153097,1.1932946617910978,-0.00044950137092010707,0.006900622915410357
4,0.013433682684892949,1.05,1.1646270432370147,-0.0009938991526701828,0.004627889262557368
5,0.013432836354692059,1.05,1.1625025224931147,-0.002272309711923785,0.0020958897370299506
6,0.013432836090455555,1.05,1.1624799777623098,-0.0025343999103261223,0.0016155648678582613
