step,loss,param_0,param_1,grad_param_0,grad_param_1
0,0.012408503589423567,0.9798734804079744,1.213673510096164,0.01604081275477834,0.028425022538106803
1,0.012243653135477504,0.975067809921592,1.2049436211889355,0.0013395923450399132,0.002025013419655017
2,0.012242416803291196,0.9746295294087852,1.2042742076638788,-7.479089252158326e-05,-0.00043424122846602066
3,0.012242416789670186,0.9746295313701565,1.2042742167365974,-7.479167763412909e-05,-0.0004342424197327732
