step,loss,param_0,param_1,grad_param_0,grad_param_1
0,0.022874538119077473,0.9920085383597901,1.2348117804695544,0.0028604100696998326,0.01013835410942546
1,0.022846197794854965,0.9892883401330536,1.2257758604502575,0.0001477278405399205,0.005325508196914989
2,0.02283726677693448,0.9904596704793786,1.2150337417342036,-0.001998298134098039,0.0018402062142682581
3,0.022830137827334715,0.9973889425330891,1.204423820740879,-0.0038118747467485265,-0.001287086135418352
4,0.022800395211853227,1.0139173764533462,1.1907592152708157,-0.004043416918959831,-0.0020705595188403574
5,0.022718286176184814,1.05,1.1688283026219657,-0.00464006633403947,-0.0034865254293368303
6,0.02268802732708609,1.05,1.174425700743169,-0.004542495228508569,-0.0030474254940937033
7,0.022670554793732037,1.05,1.1803937111176388,-0.0027276196554593523,0.0005645737084239892
8,0.022670554792258126,1.05,1.180393710808238,-0.002727619627678173,0.0005645737759877602
