step,loss,param_0,param_1,grad_param_0,grad_param_1
0,0.02143861302419734,1.018971486070019,1.2884472517869368,0.012834225628866063,0.03178252899146263
1,0.020297987119758075,0.9877291086175012,1.2141142036543595,-0.0009818687665445209,0.01307303394830846
2,0.020209736529919774,0.9906078267796402,1.1947267034371418,-0.005839467328648768,0.0037288953152290793
3,0.020128510695230806,1.008579516311397,1.1758481957923879,-0.011995599630207063,-0.009435156848022503
4,0.019925084190837404,1.05,1.1493833743452067,-0.013332330515737428,-0.013517056111587225
5,0.019843252216009865,1.05,1.1562689994170416,-0.010357105191460181,-0.0072641602147174664
6,0.01980123952328569,1.05,1.1642682184229625,-0.006841206132546822,0.0004052591027957366
7,0.019801239578890018,1.05,1.1642682184229625,-0.006841206260433951,0.00040525832748477403
