step,loss,param_0,param_1,grad_param_0,grad_param_1
0,0.022094666098782956,0.9596673577536452,1.175663346620532,0.008297421749985974,0.00943758673720145
1,0.02205919443323872,0.9548434081205547,1.1689468809493853,0.004936146512795149,0.0038060844332202205
2,0.02205218201609112,0.9526763748931986,1.1675115426539353,0.0030743554412009134,0.00027782528260610496
3,0.022047422790054238,0.9490271922439101,1.1674358713455377,0.0015472871453750911,-0.002751884930572288
4,0.022035333097924784,0.9413678225253443,1.1695015098230708,0.0010044050774951662,-0.0038105530371142582
5,0.02190674118237513,0.9,1.1939428901799394,0.0034997808360883254,0.0009521777527914266
6,0.021906740955581913,0.9,1.1939428385481452,0.0034998065682173454,0.0009522319442676359
