step,loss,param_0,param_1,grad_param_0,grad_param_1
0,0.015549060649070157,0.9756299015973695,1.2023656700973473,0.0037443597461042284,0.015179858228596535
1,0.015530232529509672,0.974171425765372,1.196905030145661,-0.003935917293203075,0.0006841926472597993
2,0.015430494918391095,1.0000442239230105,1.1861004392617658,0.0001454579606861283,0.0076063307799808366
3,0.015415117393920331,1.0082200092454068,1.175758747321676,-0.007066039961915483,-0.006494914902015041
4,0.015248239146180452,1.05,1.1573268720943135,-0.0036949867234576483,-0.0006057750085454797
5,0.015247706473981774,1.05,1.1575715412013399,-0.003551951925972248,-0.0003129625006051198
6,0.015247211652764112,1.05,1.1578330472964666,-0.00347120484921745,-7.260537838734956e-06
