step,loss,param_0,param_1,grad_param_0,grad_param_1
0,0.011638573676384906,0.9806223030487733,1.2160434387006913,0.015126498095372025,0.017929146821943024
1,0.011554767398023282,0.97558056709203,1.2097381855392164,0.007744496104634771,0.004953506310503201
2,0.011549801251851705,0.9705780007880429,1.2071679955468186,0.0031057824778774027,-0.002323466735374177
3,0.011543021578894511,0.9672805326207521,1.2079555316095283,0.002409913813738879,-0.003266975496752156
4,0.011507730356320264,0.935779605925388,1.2200391848186178,-0.005020923205552608,-0.014193708296726528
5,0.011403882590770627,0.9,1.2424611628871043,-0.005706836093273065,-0.014470266768893918
6,0.01133189653525136,0.9,1.2524519645425116,0.005755767536980295,0.004433279222471675
7,0.011331896565257016,0.9,1.2524519645425116,0.005755767007527928,0.004433278305297666
