step,loss,param_0,param_1,grad_param_0,grad_param_1
0,0.009907129504431053,0.9882980887948117,1.234930987838648,0.028239356945602465,0.05916483203580977
1,0.009267508087677727,0.9801948627784187,1.217044336192434,0.011688694130264132,0.0298934019094962
2,0.009191925955914304,0.9779989502293397,1.2096038428822626,-0.00035822147255127994,0.006814848270023991
3,0.00919162585223665,0.9783755252059174,1.2072442592728354,-0.004517810341310864,-0.0018336960619727497
4,0.009187807755707923,0.97917471968133,1.2071634531200273,-0.0037104421749583035,-0.00027712067195432124
5,0.009151527849401458,0.9901641267832128,1.2033541126492913,-0.0006071299290445426,0.005443944135586635
6,0.009065897858963702,1.0267093947998138,1.1883216762079774,0.004561993000780829,0.015133036254171095
7,0.009035696515292437,1.0331141981024894,1.1790643620869339,-0.0031715439117418888,-0.0005310894215144499
8,0.009035696439837673,1.0331141989956356,1.1790643587732506,-0.0031715426231464835,-0.0005310859516924412
