step,loss,param_0,param_1,grad_param_0,grad_param_1
0,0.013553560674777565,0.9739475896494444,1.2016922013776907,0.01255232887292267,0.022988928750645433
1,0.013439091576307655,0.9700271460480692,1.1943457083437172,0.0038979678458620007,0.007237965266788921
2,0.01343527430982023,0.969414337619744,1.1931737362510786,-0.00013419834237870783,-0.0006524004556369371
3,0.013435178448325927,0.9694349391495258,1.1932705333118947,0.00020139689674314063,0.00012111604160979818
4,0.013435178423123697,0.9694349314859912,1.1932705285672878,0.0002013991430921243,0.00012112069534778863
