step,loss,param_0,param_1,grad_param_0,grad_param_1
0,0.027752134887240397,0.9930549182055254,1.2547739216682228,0.024686831952328025,0.03335344695380084
1,0.026827785193315294,0.9768160568624884,1.2297433438560792,0.016446001551276047,0.0200725180529905
2,0.02645804413080206,0.961734585829252,1.2120651280035573,0.004750778410475821,-0.0007812070383975641
3,0.02642986059747153,0.9561142512170739,1.2124436065270912,0.0036071942151026815,-0.0030649793743776138
4,0.02626710297159158,0.9122570432040602,1.2250196160163571,-0.0022089311859736093,-0.013394002611635158
5,0.026196636700128385,0.9,1.2508029034772494,0.00627784607391368,0.0013895597383420098
6,0.02618978631023443,0.9,1.2490742816918816,0.005442138752457763,-0.00011258851544725243
7,0.026189786305059536,0.9,1.2490742817264042,0.0054421387848564255,-0.00011258843671740773
