step,loss,param_0,param_1,grad_param_0,grad_param_1
0,0.018129805815421174,1.0369864698131483,1.3292984257391174,0.02020129382729568,0.03754807874061743
1,0.014260424031856591,0.9718544793989042,1.20607087949021,0.004968350773968666,0.02065605280643696
2,0.014241604123728125,0.9717180938766581,1.204459144603009,0.0028697290821579407,0.016878804734708104
3,0.014149519446650676,0.9782881903640049,1.1935031009001522,-0.002452856327745578,0.005958287758314369
4,0.014114478370466222,0.9925617976094694,1.1790928620965542,-0.012074942563395164,-0.012760711112881507
5,0.013803464228728149,1.05,1.152544915783709,-0.011329610838448918,-0.01292864747162339
6,0.013781658765482688,1.05,1.1602966737837386,-0.00010540899642519776,0.011566548933507219
7,0.013772650305821282,1.05,1.156636319861887,-0.004853821670589185,0.0006995366967271722
8,0.013772650308480181,1.05,1.156636319861887,-0.004853821614226778,0.000699536450838048
