step,loss,param_0,param_1,grad_param_0,grad_param_1
0,0.005721441124159457,0.9847697881813617,1.2383300514589448,0.0850890290067268,0.14704336781116767
1,0.00276807315055854,0.9736788715092833,1.214274376423374,0.002607342368019997,0.005895970610774265
2,0.0027655007763408507,0.9735180182312128,1.2137900660983916,-0.0034150285230161465,-0.0047374036141514956
3,0.002765493950686177,0.9735219891722872,1.2137985157165685,-0.0022825448958289528,-0.0023226894348313057
4,0.002765493943001364,0.9735232071125247,1.2137992247248026,-0.0022831845325095596,-0.002324032467589161
