step,loss,param_0,param_1,grad_param_0,grad_param_1
0,0.010677765688634674,0.9775148760101405,1.2120442700185556,0.03765425345096256,0.05947037003899216
1,0.010052981805599033,0.969027191432822,1.1975154099001317,0.011320929045550833,0.009291667231561346
2,0.010017115069905339,0.9654574442726154,1.1947835238478717,0.0047166913739751905,-0.00390961724726931
3,0.009967550428505789,0.9546986206410989,1.1978339841528547,0.00010442641754467583,-0.012972296293451912
4,0.00979337269560218,0.9024016306801106,1.21995907462396,-0.0125961075623953,-0.03391284006861688
5,0.00967330248268835,0.901501669762149,1.2312135696045867,0.010873205877377876,0.008678932793787498
6,0.009659685532266536,0.9,1.2298507348442103,0.0061632539416228505,4.384569831470883e-05
7,0.009659685543477186,0.9,1.2298507348442103,0.006163253591041463,4.38451046382779e-05
