step,loss,param_0,param_1,grad_param_0,grad_param_1
0,0.016096488260708443,0.9701087503147559,1.1910214322370527,0.006514613310066661,0.021697906923674775
1,0.016023101406198396,0.968008363412185,1.1845782462876482,-0.0017340901555721508,0.004966556859530399
2,0.01601572174294482,0.9687717835108298,1.1825069600492888,-0.003744964539152268,0.0009989102277498073
3,0.016005010628325007,0.9715630893381367,1.1798502275906992,-0.004557264609493285,-0.0009009937277713882
4,0.015963452787205314,0.9883874180250816,1.1672214716551046,-0.009527955662362645,-0.011702675748346662
5,0.015805320253756052,1.05,1.1345817506387084,-0.01277561763560566,-0.02148777012793181
6,0.015727358165369066,1.05,1.1394806109078293,-0.006997627176522854,-0.007706294185616778
7,0.015719667701398637,1.05,1.1422199443845986,-0.0033201044337067094,9.897130014190308e-05
8,0.01571966770614335,1.05,1.1422199443845986,-0.0033201044520945336,9.89712886343882e-05
