step,loss,param_0,param_1,grad_param_0,grad_param_1
0,0.01002789731914023,0.9797214751270675,1.2131939959992855,0.040139578612949964,0.0781661469604347
1,0.008996422846603647,0.9710127309028381,1.1958236595219358,0.01660634222346185,0.03895648845922778
2,0.008870191041038453,0.9683596843833828,1.1880756804813195,-0.001105358067585049,0.005990514564641695
3,0.008867034992092852,0.9687208448803301,1.186562648239233,-0.005527682534494555,-0.0020057203668448647
4,0.008863649895646834,0.969535733506967,1.1862418268875792,-0.0038323214754612655,0.0009845634824013005
5,0.008754449392447267,1.002803290580059,1.1685305528782386,-0.005036759269803714,-0.004070903314057373
6,0.008751412640814617,1.0054751659480732,1.1665711047460614,-0.006689181144952391,-0.007985480253770442
7,0.008678975018109067,1.0419053107177674,1.1506246836999987,-0.0013667655712378368,0.00036481488398009874
8,0.008678975018095923,1.041905310829491,1.1506246834299554,-0.0013667655265975067,0.0003648149961293485
