step,loss,param_0,param_1,grad_param_0,grad_param_1
0,0.012851029102473412,0.9803854634614246,1.2126883423625443,0.022128745802740414,0.048511307757842556
1,0.012464203166192036,0.9742511346682765,1.1994132678241738,0.006574349525594148,0.02192856287322948
2,0.012441728812378287,0.9719395279738237,1.1882979039679324,-0.008735294665127746,-0.0074590132421049685
3,0.012409535999828329,0.9739296664123787,1.1907694892443375,-0.0039267417478273895,0.002294492121097032
4,0.012370330193625127,0.9824079502301958,1.187688582274958,-0.0018555835767685362,0.006148041154650715
5,0.01229829333194021,1.05,1.1406766355260038,-0.022805699131808948,-0.038865686482646114
6,0.012081512270050101,1.05,1.1517786443122509,-0.004939705765844208,-0.0008293120679040505
7,0.012078247312555739,1.05,1.1529889370920017,-0.0037808157644350694,0.001556856686485105
8,0.0120782473125856,1.05,1.1529889370920017,-0.0037808157646641635,0.001556856686358818
