step,loss,param_0,param_1,grad_param_0,grad_param_1
0,0.024018224079271348,0.9567376658880518,1.1507269506763091,-0.0016516044575668985,0.009835716905306954
1,0.023444533252894455,1.05,1.1113776466836185,0.0020307680575572104,0.019585513550882564
2,0.023386312440577962,1.05,1.107724974302357,-0.003946917964027188,0.005600289068552872
3,0.023379415275232705,1.05,1.1062622862179698,-0.006270634731476647,7.091342678853954e-05
4,0.023379232196384665,1.05,1.1061700813985462,-0.006294933905160187,5.915785642560166e-05
5,0.023378948614213038,1.05,1.1058489285465953,-0.006797755639084307,-0.0012300638653107415
6,0.023378948614194078,1.05,1.1058489286265556,-0.006797755694884575,-0.001230064011271576
