step,loss,param_0,param_1,grad_param_0,grad_param_1
0,0.011842168495902507,0.9821563426120212,1.2177313637633034,0.01283006577550622,0.023062425694166798
1,0.01174843021988395,0.9779176579637163,1.2099750090680534,0.005857621718660236,0.011528747017370743
2,0.011684899465336861,0.9721527013743644,1.1973050264442247,-0.001101989775123551,1.644640549116282e-05
3,0.011674713536336086,0.9773063662065486,1.1968581333812194,0.0006930583610527188,0.0031593288286601118
4,0.011673074025838694,0.9808654101689487,1.194138157752165,-0.00011819070911381086,0.0018561570351902517
5,0.011673074049129614,0.9808654101689487,1.194138157752165,-0.00011819111061926485,0.001856156235187853
