step,loss,param_0,param_1,grad_param_0,grad_param_1
0,0.010800279569713916,0.9843951630075914,1.235826312693854,0.038708807805467316,0.06473516944682138
1,0.009900944119615153,0.975715925038461,1.2182386385164627,0.018625522267497717,0.03235641387635263
2,0.009692801922967436,0.9715500557990819,1.2090447938004967,0.001951408251969104,0.0031967452040636236
3,0.00969045072601048,0.9713387323012065,1.2086121821351303,-0.0005210625786354955,-0.0011518719745116368
4,0.00969045070643612,0.9713387328061287,1.2086121834737382,-0.0005210626437242906,-0.001151872044564874
