step,loss,param_0,param_1,grad_param_0,grad_param_1
0,0.019808371671329702,0.9593848270656109,1.1711086329809934,0.0046736106506319805,0.007538853262599176
1,0.019797779387980344,0.9578726955912742,1.168574347499184,0.0010372260867430971,3.1465418262289005e-05
2,0.019797530592702756,0.9562541881879535,1.1684623428739307,-9.134290080476358e-05,-0.0021980432132081445
3,0.019793276256194144,0.9527894021231011,1.1710998751338078,0.0011670194900980527,0.0002725970417933642
4,0.01978136596383109,0.9323599868083197,1.1828507147052545,0.002912915161708429,0.004272051589268631
5,0.01976704723318699,0.9015429370580484,1.1986309451767996,0.0033536032416161365,0.005417850150356813
6,0.019764551089299948,0.9,1.1982009164377152,0.0011922019998660863,0.0014316861061112742
7,0.019764497668019007,0.9,1.19795521159959,0.0010574431143582723,0.0010618483522358332
8,0.01976449765909471,0.9,1.1979551995618494,0.0010574484698018822,0.0010618588484742801
