step,loss,param_0,param_1,grad_param_0,grad_param_1
0,0.011314948505030209,0.9844916857729276,1.2345050544310632,0.035939602235124886,0.06043908996322305
1,0.010510070236936087,0.9761839326572622,1.2178613652363115,0.01732748246044692,0.030910147466244008
2,0.010355300236828738,0.9685508608136584,1.2003753449888723,-0.014189145201831389,-0.025323291617769104
3,0.01030258518783379,0.971987241638838,1.2082497917046509,0.002272962704289132,0.004301199848883684
4,0.010295962775730144,0.9715159823236623,1.207104711701596,-3.0037423998371146e-05,0.0002995115588048578
5,0.01029582690320272,0.9715226841407997,1.2070608768286664,-0.00032572855627291115,-0.00019800655115405526
6,0.010295826907283747,0.9715226841407997,1.2070608768286664,-0.0003257285658019132,-0.00019800657212570437
