step,loss,param_0,param_1,grad_param_0,grad_param_1
0,0.008316910459149552,0.9863841199771081,1.2332940536744434,0.04765462070771826,0.07879776756566653
1,0.007344677002074447,0.9750061916749626,1.2120386003905608,0.0006681803462254714,-0.004502409248497033
2,0.007341056904221204,0.9748220349166943,1.2132000758593282,0.0025406546532862335,-0.00046223100357762736
3,0.007330606729894177,0.9708595761167539,1.2162799760576088,0.0043280071488963215,0.0026966202774646466
4,0.007303042002281795,0.9410721808574575,1.2359342105931581,0.010593462107745404,0.016646550542498438
5,0.007280763593752034,0.9354428490769722,1.2376293272473233,0.0087062754914581,0.013130910900136721
6,0.007255882274217924,0.9211666648318908,1.2429296885418342,0.00043619366145702487,0.0007003205520799579
7,0.007255880198931573,0.9211227883205574,1.2429388931047185,-0.00017027351861429937,-0.0005441644298228017
