step,loss,param_0,param_1,grad_param_0,grad_param_1
0,0.03392009218900165,0.9418656323726623,1.1495706819605094,0.004019456601867097,-0.00805463947644572
1,0.03382299502590487,0.9239794791851779,1.1548013677669853,-0.0006106071689574645,-0.01728414214134791
2,0.03369822347549944,0.9,1.1903073952230216,0.018723776726186442,0.019369191151247335
3,0.03358132740914626,0.9,1.1786105826080442,0.011749145023874464,0.007068588732764053
4,0.033576632474804774,0.9,1.1763317431940203,0.0097961765734207,0.0034230948656390845
5,0.033576364400634565,0.9,1.1757735615542662,0.009353662287891711,0.0025418606359264052
6,0.03357636000064912,0.9,1.1755795061184489,0.009207724632874253,0.00226042296418046
7,0.033576360001089864,0.9,1.1755795061184489,0.0092077246302114,0.002260422959565387
