step,loss,param_0,param_1,grad_param_0,grad_param_1
0,0.01534860804439588,0.9737611098438681,1.19747346062082,0.016471204778983728,0.040641668060246654
1,0.015130482766734881,0.9690371142934389,1.1863890455928277,0.0017705862926729776,0.01343719507663794
2,0.015118912526084438,0.9686989001634982,1.1807893880655291,-0.0040615843343924435,0.002397624495062395
3,0.015112087720935998,0.9705629134955356,1.178712909232068,-0.004918044782689049,0.0008286840447694183
4,0.015101939503453355,0.9946548461055743,1.158621749418629,-0.018526145326158545,-0.02743251921638058
5,0.015007649296890508,0.9981933404862835,1.1606269115878087,-0.011385589218214387,-0.01236071822576667
6,0.01476134483603343,1.041285788086785,1.1445285732385158,-0.0038991814496867486,0.0023675091111644434
7,0.01471880794156016,1.05,1.1404149494032987,-0.004854265598160564,0.00030544120984794506
8,0.014718807946095517,1.05,1.1404149494032987,-0.004854265574178843,0.00030544128165104975
