step,loss,param_0,param_1,grad_param_0,grad_param_1
0,0.04233033860717869,0.9411215155544104,1.1377706988398584,0.009506826700341624,0.007118563422788537
1,0.04230064729830707,0.9375811477231338,1.1356287137848866,0.0043827178232087125,-0.004193985618119738
2,0.04223866749490373,0.9232601971041404,1.1392280101634635,-0.00034895292776425174,-0.014847311402128539
3,0.04213569669306862,0.9,1.1622985890251636,0.014592851565655877,0.01641765876337249
4,0.04206873649749193,0.9,1.1564154885701843,0.009872911648978671,0.00803731092653128
5,0.04206279908346199,0.9,1.154484522858671,0.006776514804184465,0.0014367399765067546
6,0.04206279884230824,0.9,1.1544788120412923,0.006814283110675102,0.0015851854878641907
