step,loss,param_0,param_1,grad_param_0,grad_param_1
0,0.017328698696958748,1.040879696024032,1.3382246344437796,0.026542076741748487,0.04585691646170492
1,0.012901370135026825,0.9680159900828693,1.2078581252759983,-0.0006468039114919536,0.009447403894778843
2,0.01287847673577822,0.9685837125523838,1.2022304891486117,-0.004381814867582399,0.002541685288591123
3,0.012840123899401888,0.9780762409402162,1.1946648706777345,-0.006684365565554401,-0.002458771236024768
4,0.012610704518796197,1.045480762670663,1.1546581768131134,-0.017280151367133074,-0.0266369405743025
5,0.012499368018445344,1.05,1.1578583469314059,-0.008380225822942514,-0.007484800233400697
6,0.012485920400602132,1.05,1.1599183467776373,-0.005228451728845037,0.0002821351022878958
7,0.012485920408323234,1.05,1.1599183467776373,-0.005228451799139024,0.0002821349245740487
