step,loss,param_0,param_1,grad_param_0,grad_param_1
0,0.013926838160775246,0.9833379923922967,1.2202140776457804,0.014696052910314176,0.02837850290406813
1,0.013684004447665174,0.9787834903151174,1.2113228816601687,0.00825494490490267,0.017510555944362384
2,0.013595560979042192,0.973039254445843,1.1969422718383114,-0.008214012551429884,-0.01232066979356521
3,0.013573277368489385,0.9759939464308507,1.2028321161081952,-0.0017914670272096529,-0.001079558998890862
4,0.013573277257768745,0.9759939727102495,1.202832132701795,-0.0017914659785147418,-0.0010795569240748754
