step,loss,param_0,param_1,grad_param_0,grad_param_1
0,0.009271263290364236,0.9852735082911546,1.2310327589174546,0.03540564337238193,0.06932623926365997
1,0.00862753457679416,0.976553651156994,1.2122614415505815,0.005964071395106228,0.021503886547941536
2,0.008623082325276735,0.9750726825159817,1.2036449670093778,-0.009556805529144449,-0.009183463215991668
3,0.00859186460912127,0.9765721158838871,1.2059263593771377,-0.0038317253758733565,0.0022060502121069793
4,0.008488111500071093,0.9999713625873188,1.1954782399278463,-0.00036378672403712274,0.008320265853607114
5,0.008486350371374456,1.0015296751263694,1.1921195237548448,-0.005981480522510222,-0.0019256664656014378
6,0.008486350351026215,1.0015296753467429,1.1921195231086887,-0.005981479542245254,-0.0019256647423135313
