step,loss,param_0,param_1,grad_param_0,grad_param_1
0,0.022414503368181373,1.0020230525641591,1.249445940154003,0.01817580276697873,0.0475609275379983
1,0.021215064333650023,0.9884099857995405,1.2173408532767493,0.012642857084075766,0.03977914653950477
2,0.021027932517905704,0.9876072773156788,1.2111781967445396,0.009475702831528368,0.03432691891126925
3,0.020478955109280356,0.9920799619657471,1.1683852438028695,-0.013956974564187492,-0.012027280915685747
4,0.020407492750989006,0.9972429025850799,1.175531871285108,-0.005808354593037251,0.005137409510293701
5,0.01996427435090406,1.05,1.147947223055301,-0.008867490684052638,-0.0009340069220926707
6,0.019964096554851193,1.05,1.148067736223273,-0.008750164409521753,-0.0007066400027234826
7,0.019963770606695932,1.05,1.1484422824658849,-0.008224906110215197,0.00020793508541802098
8,0.019963770606892674,1.05,1.1484422824658849,-0.008224906114548744,0.00020793507422643557
