step,loss,param_0,param_1,grad_param_0,grad_param_1
0,0.00968589167431361,0.9835740131839172,1.2227234246698673,0.021245204165367564,0.030481359156241748
1,0.009424477983822625,0.9770415707144717,1.2128336370723662,0.0037276690065510543,-0.0005430142379110703
2,0.0094186753573504,0.9757198743463514,1.2129681240671477,0.0032921933857743713,-0.001075426204992518
3,0.009381924221514406,0.9603749036345922,1.2170748119369614,-0.00413644631000446,-0.013935615029729728
4,0.009349443797344866,0.9505998108331195,1.2232069200861089,-0.0036290055571637603,-0.011457846207274148
5,0.009272035427028378,0.9210234624613357,1.2433036821543617,0.0017389914727510797,-0.001179277009036743
6,0.009234301457837608,0.9,1.255940985310509,0.0026374524747853102,0.0017922381768258203
7,0.009232655047413722,0.9,1.255497230991636,0.0013277488602741797,-0.0002974866856693772
8,0.009232655047055727,0.9,1.2554972309983388,0.0013277488634325944,-0.0002974866791384417
