step,loss,param_0,param_1,grad_param_0,grad_param_1
0,0.013486770408011236,0.9759666957079506,1.2025119795692396,0.01417144762876788,0.032913910230646555
1,0.013374669314683873,0.9714365079108193,1.192274410974332,-0.004784704357786562,-0.0033835605477296558
2,0.013367230538362586,0.9726444690943232,1.1931950466547794,-0.0022841430444622444,0.0013685804471535315
3,0.013364365560820882,0.9736764580937708,1.1929674945630189,-0.0018358511976271246,0.0020686541441455254
4,0.013334675781415032,0.9858179801370687,1.1885713280805472,0.0006042945769363494,0.006403602285615264
5,0.013265290347413574,1.022397004330006,1.1727824643433533,0.004646873661823811,0.014062048459558385
6,0.013223602019167316,1.0270438635247547,1.1639386879695537,-0.0012048848030814512,0.0028697969131957616
7,0.013222909832443355,1.0271725250533634,1.1633505907612016,-0.0024796224587639182,0.00039258543252995715
8,0.01322290984654049,1.0271725250533634,1.1633505907612016,-0.002479622516755122,0.00039258530589361294
