step,loss,param_0,param_1,grad_param_0,grad_param_1
0,0.029343865054646034,0.9840788574202407,1.2104181476546219,0.004219048211494167,0.022882924208390137
1,0.029105245346209636,0.9798212277122975,1.194052555723525,0.0015326869477041939,0.018250620684224964
2,0.028919080534805804,0.9819589111007184,1.1730680070068924,-0.0044039872479713395,0.006673511070470839
3,0.028876640552701588,0.995415119511569,1.153258220156127,-0.012561940071339189,-0.011466862574470445
4,0.02842420972754739,1.05,1.142140676198976,-0.004999774133845602,0.004946997559287213
5,0.028418245192510478,1.05,1.1395875236917266,-0.0053931333876670855,0.0039060808185690434
6,0.028417845727861928,1.05,1.1380267044667938,-0.006535216018556127,0.001351922319105003
7,0.0284178457542157,1.05,1.1380267044667938,-0.006535216192975227,0.0013519219245934108
