step,loss,param_0,param_1,grad_param_0,grad_param_1
0,0.027082090192879136,0.9547258871285077,1.1674247049129898,0.008626444327449365,-0.0009586951915746605
1,0.02672088333765088,0.9,1.184036290386631,-0.0012428345938438616,-0.018941515548108363
2,0.026616282410899094,0.9,1.2007972950309334,0.012821683205117108,0.00661785563939981
3,0.026616139273174636,0.9,1.196457520460833,0.008965526285276176,-8.493708615045156e-05
4,0.026615851819818834,0.9,1.1965796430623477,0.009033801651402181,3.719893389323749e-05
5,0.026615851888677645,0.9,1.1965796430623477,0.009033801492008345,3.719838861816326e-05
