step,loss,param_0,param_1,grad_param_0,grad_param_1
0,0.02540523377180899,0.9481190761351912,1.146382532290057,0.0002896965435546299,-0.0011446448793436372
1,0.025405126600288926,0.9480600545174083,1.146622734805589,0.0007345116152366014,-0.00011591317180518514
2,0.02540419462066648,0.9469136221722639,1.1474644740810003,0.0014036593556331642,0.0011362792953698423
3,0.02540071573859645,0.940367716717907,1.1514837662838195,0.0024989711795857495,0.003581286596282883
4,0.0253978674138769,0.9322783433533026,1.1559108197624763,0.004556368992046036,0.008111835621177114
5,0.025375852189788547,0.9,1.1710887819895033,0.0038146782612877763,0.0065903965520580764
6,0.02537311879383543,0.9,1.1705043467560916,0.0029223872247808244,0.004722074330275602
7,0.02537025916773258,0.9,1.1690272211397357,0.0009081080063546937,0.0005103116088000638
8,0.025370257492388484,0.9,1.169002078262359,0.0006622972928100058,7.129119060357092e-06
