step,loss,param_0,param_1,grad_param_0,grad_param_1
0,0.012325990604049555,0.9808386109432977,1.2145498424161008,0.009207089585588881,0.01781876174415957
1,0.01225635633270398,0.9776678352857461,1.2083674676556369,0.006766476747951577,0.014354381198608393
2,0.012194736670896973,0.9746088652693952,1.1987754899314695,0.0016544655476643643,0.006428479501841097
3,0.01219255925891089,0.97451855106373,1.1965794049773295,0.00025764025469978183,0.0035292921723099895
4,0.012192555361846538,0.9745250293613189,1.196551226673023,0.0002711978536261079,0.00360173463582805
5,0.012192555340160173,0.9745252712641945,1.196550168264346,0.0001790436286193298,0.0034172133572409735
