step,loss,param_0,param_1,grad_param_0,grad_param_1
0,0.01272735562465506,0.9807901238902725,1.214862825276276,0.01217933349392174,0.028578405355409925
1,0.012589306791217662,0.9768937053976722,1.20585759012672,0.004388992845380031,0.014133938039603403
2,0.012562742234946182,0.9748901933948607,1.1969425678755181,-0.004128013278857548,-0.0011158642458030795
3,0.012554121194752608,0.9765505184147263,1.1972099471040405,-0.002770013769722012,0.0014632983729630932
4,0.012531439590008625,0.9836446723892193,1.1951061673739711,-0.0013426636809718087,0.0038908835530618788
5,0.012438789405275267,1.0206232579406758,1.1806593982898332,0.0029368577017511656,0.012259698613396788
6,0.012416178060936395,1.0267104516386196,1.170014253692181,-0.0045108972678671675,-0.002935309446617029
7,0.01234362472295715,1.05,1.1610617326935515,-0.001523068125000319,0.0024999770548519706
8,0.01234362259672096,1.05,1.1610108435438533,-0.0016162439415698298,0.0023229854539921664
