step,loss,param_0,param_1,grad_param_0,grad_param_1
0,0.01697481709029609,1.046633991316087,1.3511041842172744,0.03501695368493312,0.05435678505264009
1,0.011525461128631297,0.9647778216139368,1.2160526069890238,0.0019328757234269777,0.013166852596419166
2,0.011502637465469583,0.9642692451013216,1.209319037647503,-0.003333004669426454,0.0033806323764059864
3,0.011483849712822337,0.9689214524556357,1.2046628372862236,-0.005234877005417318,-0.000356922417727236
4,0.01140951167388031,1.001205249567142,1.1821637713802802,-0.014487450829213492,-0.0200926302165022
5,0.011247983943110053,1.040689547243826,1.1628598834839297,-0.01167835441008839,-0.01580375923058623
6,0.011161903857494791,1.05,1.1626222936338815,-0.007291129284157021,-0.00725022282326884
7,0.011137647801150561,1.05,1.1663482092308537,-0.003621547066693676,0.0006584568976183052
8,0.011137647803886682,1.05,1.1663482092308537,-0.003621547022832329,0.0006584570039732032
