step,loss,param_0,param_1,grad_param_0,grad_param_1
0,0.017189344682657693,1.0137849987798184,1.2787816608285332,0.031462471416338754,0.05966673981877292
1,0.015459710182199661,0.9927066176411026,1.2380109854944934,0.02226144022703206,0.049196374186480624
2,0.01447433737865587,0.9826454435380362,1.194901283673699,-0.0013091481280751935,0.008939965002458007
3,0.014459670788287606,0.9858334055348845,1.1837882756511646,-0.006374852172888646,-0.0007585846685275479
4,0.014344046904790514,1.017984050346438,1.1608643536437062,-0.011080897894139592,-0.011677473764386524
5,0.014128869669272027,1.05,1.148500022462792,-0.010926991620238219,-0.010908819836963655
6,0.014080255570143826,1.05,1.153180888095391,-0.008433469876600774,-0.005236456582686375
7,0.014067746889234121,1.05,1.1554031194436643,-0.005975377525147822,1.9472687360931606e-05
8,0.01406774688221737,1.05,1.155403119433625,-0.005975377449055991,1.947286579611707e-05
