step,loss,param_0,param_1,grad_param_0,grad_param_1
0,0.022725401711939996,0.9525570051888778,1.1565709749353772,0.0016085572104025101,0.0014994569429534338
1,0.02272483545050513,0.9520000764457882,1.1560146457099987,0.0008227755049543022,-7.220257884118847e-05
2,0.02272305769022566,0.9494620750642353,1.155953576782567,0.000546516688576757,-0.0006122865384870627
3,0.022722745449442368,0.9481540769844461,1.156131936658204,-0.00022905584052041632,-0.0023160515878895217
4,0.022695202171560482,0.9,1.1770397287119005,-0.002181175813620153,-0.006177433977178038
5,0.022681034164423308,0.9,1.1829695778393283,0.0015374269191168887,0.0010929075384427812
6,0.02268039931162495,0.9,1.181069641016971,0.0010937311622592667,0.0002785148560943201
7,0.02268038922366554,0.9,1.1804198799838275,0.0012094952246414687,0.0004720195329409715
8,0.022680389223165336,0.9,1.1804198777924153,0.001209496230152712,0.00047202157977045515
