step,loss,param_0,param_1,grad_param_0,grad_param_1
0,0.012784378950296162,0.9762192091960978,1.2085036441282124,0.014431530003048237,0.01945025847257627
1,0.012697410748212713,0.9719785318056587,1.2025037288721805,0.002564940615413546,-0.003385167559012461
2,0.012694415268911236,0.9711987005189434,1.2033220876122876,0.003469333004814318,-0.0016648343462874623
3,0.012650032211381142,0.9567636015912039,1.2132753452969867,0.00815817370105155,0.00780792534304414
4,0.01250086180871931,0.9,1.2471510917565056,0.00913698414357002,0.009212252131844371
5,0.012492056393824679,0.9,1.2461392186265556,0.008474581615842483,0.008237137257127984
6,0.012473535760814287,0.9,1.2426081881162825,0.003802225122728766,0.00032276648855508825
7,0.012473159668758971,0.9,1.2424641844611457,0.00374178658525622,0.00018297095538216245
8,0.012473091102499593,0.9,1.242436738857149,0.0036373290053205542,2.995762439198142e-06
