step,loss,param_0,param_1,grad_param_0,grad_param_1
0,0.01693508049187235,0.9669351849191061,1.1872544184727003,0.0074898759462663465,0.013306737413860941
1,0.016898023588534115,0.964423404840374,1.1826763819761592,0.0018124147462825991,0.002995030579975084
2,0.01689742647886455,0.9641640083894051,1.1822463118981106,0.0015325390855143181,0.002313342047598209
3,0.01689739321349102,0.9639387463358734,1.181993059675018,0.000451975744339569,0.00011851129742202968
4,0.01689739313690886,0.9639386381893864,1.1819930383957935,0.0004520020096749717,0.00011856462912156846
