step,loss,param_0,param_1,grad_param_0,grad_param_1
0,0.008352634314613173,0.9859765291713133,1.230239508971145,0.03784064331155648,0.07050185588293686
1,0.007671788930980067,0.9765517937007204,1.2109865323457167,-0.0026569343791768753,-0.0004318935361541656
2,0.0076701554532516,0.9772109622434249,1.2110804426581958,-0.002067975314277778,0.0005301144246874063
3,0.007666949695537704,0.9804013588189521,1.2104924517643412,0.001259575018902053,0.006355463942292814
4,0.007639514014397701,0.9936990427021154,1.2026548693478467,-0.0013429630845212363,0.0002499278975624029
5,0.007621885367242166,1.026269624410786,1.1855256102227956,5.3459199768126795e-05,-0.00019817260593698975
6,0.007621481006188939,1.0182235742724886,1.1898139179234628,0.0010874366730492,0.0017877595131938527
7,0.007621363896848706,1.0152739309360133,1.191357423825268,0.00043113169997397024,0.0005310681518915753
8,0.007621363896948551,1.0152739309360133,1.191357423825268,0.00043113169928066936,0.0005310681501763241
