step,loss,param_0,param_1,grad_param_0,grad_param_1
0,0.01718078895007969,1.0467062332736476,1.3566778102394412,0.06657793518946686,0.08941100428848786
1,0.008587964741663399,0.9741857514262549,1.245069724497433,0.017565860427192666,0.030938951174452427
2,0.008486011324261487,0.9699324012879275,1.2350508879503272,-0.004400578558897501,-0.006349854707812581
3,0.008475030000130317,0.9708300013250488,1.2367301662191466,0.0005182007007879203,0.001348156839165178
4,0.00847502996474268,0.9708299695259952,1.2367300392497018,0.0005182458537429188,0.0013482421794602144
