step,loss,param_0,param_1,grad_param_0,grad_param_1
0,0.011593396452431176,0.9777027011170414,1.2093934992452424,0.019077220128869733,0.03447511319910902
1,0.011380905411868378,0.972263569056829,1.1992792816869124,0.0009630518347062179,0.0020939670325298074
2,0.01138074074073459,0.9719754826320832,1.198624624246851,-0.00031954358794742906,-0.00036186615836822193
3,0.011380640547944266,0.9720499628843888,1.1987196740706192,-0.0002305707352648625,-0.00014498265984070474
4,0.01138058465290823,0.9721275393093062,1.1987558215802037,1.309200331374254e-05,0.0002469826823857345
5,0.011380584652855389,0.9721275407173247,1.198755815359343,1.3093402253716059e-05,0.0002469853350404519
