step,loss,param_0,param_1,grad_param_0,grad_param_1
0,0.017648695041908427,0.9880128440412101,1.2349378118892833,0.022617412061421798,0.02812742925773904
1,0.017177639550207475,0.9733869385246959,1.2140466615465413,0.012394146757683248,0.011879742044747982
2,0.017069935256893896,0.9558038594118616,1.1986782826120472,0.00463242505801436,0.0010147561082751674
3,0.017059974923773275,0.9456680496749177,1.1969869671878122,0.0012886416370346337,-0.004355577902123611
4,0.01695637224798571,0.9038000382505175,1.217753591839187,-0.0002540670944834438,-0.006380028557136683
5,0.01686177368480525,0.9034566032938918,1.2328693841814604,0.005788219421695349,0.00229669309975108
6,0.01686123263331594,0.9026169737399474,1.2324979374323959,0.0048455663249906454,0.0006714011805616909
7,0.016853357309902558,0.9,1.2336512291909514,0.004529660567828883,0.00011757689358509425
8,0.016853357687413566,0.9,1.2336512291909514,0.004529655566014836,0.00011756736292450366
