step,loss,param_0,param_1,grad_param_0,grad_param_1
0,0.01865322108579608,1.0129114283615555,1.2801624398014249,0.010492267075093131,0.020400347645350425
1,0.01842719864770581,1.0039168901205462,1.2625272125144438,0.006281233397718494,0.014279691932692613
2,0.01826378106711652,0.9913606985968553,1.22079183750822,-0.0050749541386515724,-0.0029379939091110853
3,0.01821861237916091,0.9987289220627036,1.2267546275809886,-0.0018523493201095546,0.002533156328794434
4,0.018076732921745494,1.05,1.1941369461570919,-0.003230514772132283,-0.0006029060593973358
5,0.01807558696384349,1.05,1.194884628185544,-0.002721256498248733,0.0004044176493744787
6,0.01807558696586134,1.05,1.194884628185544,-0.002721256513535559,0.0004044176251033313
