step,loss,param_0,param_1,grad_param_0,grad_param_1
0,0.01222237310194326,0.9845516847191004,1.2311477414807257,0.02810421524120343,0.04922012645647686
1,0.011645561314253592,0.977519344657292,1.2171266944413355,0.01498825217892167,0.02863710849007459
2,0.011519878751627967,0.9696633940031502,1.1975043837808577,-0.01439096399815308,-0.024765274964404345
3,0.01144361761858578,0.9735480852999775,1.2065840803266372,0.00037206868149639374,0.00175985104716736
4,0.011440964028285667,0.9734730425170953,1.2059689493606354,-0.0003823914346074613,0.0003081090392217916
5,0.011440576619631276,0.9736225636984231,1.2057804589402616,-0.0005566939933571808,5.203902459937487e-05
6,0.011438685858636808,0.9753806810549066,1.2042203748532831,-0.0018288232592202427,-0.0023552159778122868
7,0.011438685847282935,0.9753807919042043,1.2042203613758324,-0.00182882305654994,-0.002355216564493884
