step,loss,param_0,param_1,grad_param_0,grad_param_1
0,0.010366814820198869,0.9841488000899623,1.2281692214295035,0.03902905252351028,0.07561819133659123
1,0.009579799552374809,0.9751098288177156,1.2087739753529925,0.00900973820463004,0.02581995307152851
2,0.00955230654406256,0.9726386215221339,1.198572024893399,-0.007192410496656199,-0.00363180076679077
3,0.009531056371519213,0.9742878766912715,1.1995262604697121,-0.006481803038836698,-0.002256818824735719
4,0.009501231495531956,0.9788225231781598,1.200199249146647,-0.0012860930192592041,0.007517229166266498
5,0.009404921162636167,1.0010743327742304,1.18876600114428,-0.0006448877540680137,0.007634668739077808
6,0.009402171265285402,1.0028608077288619,1.1853773134801775,-0.005587625882007656,-0.0019528871178472944
7,0.009402171353931652,1.0028608077288619,1.1853773134801775,-0.00558762668439782,-0.0019528890385939906
