step,loss,param_0,param_1,grad_param_0,grad_param_1
0,0.014502922213199798,0.9724520774352263,1.19875489746376,0.011888094962143755,0.02179968401924892
1,0.014402966276018569,0.9687192661301331,1.191744856844039,0.00018273086715344755,-3.111452446985432e-05
2,0.014402966339023887,0.9687192661301331,1.191744856844039,0.0001827301523950832,-3.111616324985925e-05
