step,loss,param_0,param_1,grad_param_0,grad_param_1
0,0.00724390728078843,0.9842104762129262,1.2382996864788929,0.06547225203769257,0.1051820595611013
1,0.005677195863329164,0.9717905619505783,1.212921473471259,0.005034792324284552,-0.0021242633220431803
2,0.005650168875729402,0.9661040017664989,1.2157225464586763,0.0017596265053443061,-0.006596636865261164
3,0.005473911616332781,0.9067036511982598,1.2528531914851322,0.01345852570994394,0.021850475112118482
4,0.005450662658052839,0.9,1.2541981928860353,0.003138381255207031,0.004358423428425313
5,0.005450544728526232,0.9,1.2540047277385473,0.0021217072900847614,0.002509545699845085
6,0.005450544728892618,0.9,1.2540047277385473,0.0021217072730923053,0.002509545671456697
