step,loss,param_0,param_1,grad_param_0,grad_param_1
0,0.023096761323960806,1.0087115678122158,1.2886659584196092,0.03351956723022667,0.0454345246209224
1,0.021375831798740665,0.9867220779532486,1.2547710038420867,0.026781108876515327,0.03655799110015435
2,0.020435049475519346,0.9677807015050848,1.224259443377006,0.008546073265311357,0.0052026552786194925
3,0.020353734464842173,0.9589805888859435,1.2191520142649954,0.00275921373559974,-0.005007543733731895
4,0.020083592977647165,0.9,1.2542751732599244,0.0024276457526251943,-0.005276756867145739
5,0.020083593078431883,0.9,1.2542751732599244,0.0024276453130647286,-0.005276758022478701
