step,loss,param_0,param_1,grad_param_0,grad_param_1
0,0.013580665240147493,0.9766835295029845,1.208352679768896,0.003159790098054948,0.0015904948349697162
1,0.013572708445151155,0.9754147628559834,1.2077087834606368,0.0018629396005679143,-0.0006331167956857026
2,0.01356691412296395,0.9735492331189868,1.2079171557761859,0.0015944266810019357,-0.0012792933490057452
3,0.013538731878163927,0.9613307967908107,1.2104946922683504,-0.0011363863016289927,-0.006628611371060612
4,0.013487127902705811,0.9215866705580144,1.227792346916148,-0.0056068098738863105,-0.0123171932326133
5,0.013462280527431203,0.9131515763813016,1.23614023565549,-0.0028643430481005375,-0.0077472352133370285
6,0.013458193773389644,0.9127172285903278,1.2383432152952685,-0.0016942628516130164,-0.005690736960502236
7,0.013457939074890958,0.9123598482883749,1.2396250432550855,-0.000584283319879554,-0.003950737465884402
8,0.013457939099330315,0.9123598482883749,1.2396250432550855,-0.0005842835160743162,-0.003950737914099013
