step,loss,param_0,param_1,grad_param_0,grad_param_1
0,0.010214478842372506,0.9844266235533776,1.2367104951217724,0.04250141896102409,0.06999847748512096
1,0.009217549317491462,0.9751375862233512,1.217964037402064,0.01786110652710275,0.0306755899002353
2,0.009063098165801359,0.9718860299386203,1.2108252939389077,0.00361662809160752,0.005224748523714882
3,0.009054042961900518,0.9710429571305103,1.209369598381015,-0.0003545725955890885,-0.0021133355531055
4,0.009054042810600973,0.971042965680083,1.209369645513821,-0.0003545782073537038,-0.002113345102315164
