step,loss,param_0,param_1,grad_param_0,grad_param_1
0,0.02319934211425916,0.9846403020845851,1.2124753628067275,0.004387779079659879,0.022223687858841983
1,0.022968288948444847,0.9803165302248044,1.1962806093618306,0.0009061068569346932,0.016282610319874418
2,0.02277761449475249,0.9832472727916775,1.1716643470978698,-0.007688233903830511,-0.0002916442882867358
3,0.0223248536504442,1.05,1.1307138407818962,-0.011036569491636016,-0.009031335324061526
4,0.02229679530502531,1.05,1.1376834368791802,-0.006961589963456232,0.0007242525745015547
5,0.022296795303931412,1.05,1.1376834336735613,-0.006961589610928465,0.0007242531389862789
