step,loss,param_0,param_1,grad_param_0,grad_param_1
0,0.0190465797960049,1.0077341192490652,1.2720612983808959,0.02543396457913511,0.040071271855138944
1,0.018218078636819356,0.9899401655773495,1.241964610566187,0.012638910471856698,0.019029655311250976
2,0.018056874713649265,0.9723467480459936,1.2147558145080686,0.00146497119059369,0.0006945563264418706
3,0.01805687494749466,0.9723467480459936,1.2147558145080686,0.001464968961691706,0.0006945518508810702
