step,loss,param_0,param_1,grad_param_0,grad_param_1
0,0.01694553987248204,1.0491241462963805,1.3570850563397223,0.03901637147719127,0.058342476190948414
1,0.010805243358138079,0.9635344560307184,1.2195948723361403,0.003545135419205085,0.015185032494624905
2,0.010782666053171042,0.9625665941506585,1.212990487823647,-0.003787786737526862,0.0016988117460552776
3,0.010772082909248982,0.9657002216463834,1.2107265327352785,-0.004350726857619082,-1.1013509149948152e-05
4,0.010473409872256381,1.05,1.164633649488849,-0.009205292763525542,-0.01104300511332218
5,0.0104515808267893,1.05,1.167183180209264,-0.004949197087324234,-0.002253154818920448
6,0.010450481568672391,1.05,1.167491188581445,-0.0038899032762791524,-5.880711272800978e-05
7,0.01045037979339455,1.05,1.1675324607166966,-0.003768169867016945,0.00021253795493021872
8,0.01045037979339711,1.05,1.1675324607166966,-0.003768169867023285,0.00021253795490550152
