step,loss,param_0,param_1,grad_param_0,grad_param_1
0,0.010270692850672562,0.9838345782890987,1.2226749737242537,0.02274948074742504,0.04004335382894335
1,0.009964496911684065,0.9772548494985495,1.210715842742477,0.0023786993272058242,0.00038144313221420006
2,0.009962617823684263,0.9765063692381922,1.210590639569982,0.002076281622714873,-7.905067138152589e-05
3,0.009959503271045505,0.9739476948603726,1.2107794640208225,0.00036001761439558846,-0.002805115419090053
4,0.00995672123512694,0.9710605592352839,1.2120649231205558,-0.0015495203490256452,-0.005784735257189315
5,0.009938053283825892,0.9513750747105295,1.2236864777937917,0.00046088019756368323,-0.00040357320264076046
6,0.009935843739999149,0.937983469014007,1.231247166179613,0.00014086457010125699,-0.000549226125801191
7,0.009935781691286026,0.9318856507498103,1.2347160542031415,0.00018885868854089148,-0.0002985717510659184
8,0.009935781692450957,0.9318856507498103,1.2347160542031415,0.0001888586904143963,-0.0002985717570179319
