step,loss,param_0,param_1,grad_param_0,grad_param_1
0,0.026201789975977666,0.9747151940400889,1.1974014463511564,-0.0027456381787539044,0.00012240208042524174
1,0.026191727654390238,0.9776238641952253,1.1973626237761787,-0.002080978763501346,0.0013074805433871757
2,0.026144056807006072,0.9962788936605704,1.1920502325814861,-0.0008677276415706062,0.003292846934770473
3,0.02601608253185122,1.05,1.1668021203054788,-0.00023304820488493033,0.0045906275869918075
4,0.026009096665548594,1.05,1.1562817756709662,-0.0028218478094488063,-0.0003928467432124639
5,0.026007538916922382,1.05,1.1571110933022606,-0.0024950947673219887,0.00023530526178867635
6,0.02600753891757927,1.05,1.1571110933022606,-0.002495094777285192,0.00023530524116083295
