step,loss,param_0,param_1,grad_param_0,grad_param_1
0,0.011087187269436482,0.9825123446247911,1.2168487097504372,0.017558163337354722,0.04004624088862876
1,0.010852447146165912,0.9771293068837658,1.2048010472167014,-0.002212741458903445,0.004042908701309087
2,0.010849377720845278,0.9778608937166129,1.203377277265093,-0.004984457021725521,-0.001178532233990191
3,0.0108396739751899,0.9806799077446133,1.2015038270970906,-0.007003197802619012,-0.005661144805663397
4,0.010609519972158641,1.05,1.1649040441146512,-0.004724492678705297,-0.0037772917108660855
5,0.010608000825998394,1.05,1.1652624376229455,-0.004158083831778247,-0.0027982439014852976
6,0.01060564189487251,1.05,1.1662867721235768,-0.0027423277064729515,-0.0001021975062352326
7,0.010603730262393845,1.05,1.1676399924611314,-0.0015782698841162294,0.0020993110742395754
8,0.01060372898536747,1.05,1.167592348203392,-0.0018059909780670038,0.0015862587785264513
