step,loss,param_0,param_1,grad_param_0,grad_param_1
0,0.008615724701960916,0.9853907282640576,1.2300990160455678,0.04032504758154581,0.0714448740041676
1,0.007903868567761436,0.9756097336618782,1.210916913186875,0.00011066288359083709,-0.0007893553998479638
2,0.007903608127340433,0.9755770651412321,1.2111297326214907,0.0006458486272655941,0.00017282891759540578
3,0.007903350958299185,0.9730057409531467,1.2122176790047978,-0.0004838521608524751,-0.0013599526877437164
4,0.007902904350101672,0.9713695027405318,1.2132700433790042,-0.0004490231200928143,-0.0011480838360636637
5,0.007902745228494358,0.9692381566954548,1.2147160616113057,0.0005985836292716447,0.0010794427862227973
6,0.007902745245489552,0.9692381566954548,1.2147160616113057,0.000598582090819109,0.0010794400491564182
