step,loss,param_0,param_1,grad_param_0,grad_param_1
0,0.010276265864148348,0.9856974282992642,1.2334545866301985,0.0347094524498964,0.050763263084923446
1,0.009651160641930242,0.9766276041838415,1.21866161770381,0.01288116175139754,0.010860285465776453
2,0.009596768200142604,0.9713745126093042,1.2145812273000258,0.0013831250103028257,-0.01017869710324233
3,0.009589282706591562,0.9709146434180161,1.2164613072122892,0.003185332295099945,-0.007001118061399025
4,0.009572446796374976,0.9645384809051508,1.2246809813110133,0.011645689228111981,0.008871866888169561
5,0.009356818821822913,0.9258178136200038,1.2457384843643111,0.008633201918940844,0.004675100035178672
6,0.009221525482633143,0.9,1.2580658226281987,0.003480984111867128,-0.003266272941981735
7,0.009221525476011629,0.9,1.2580658242687037,0.003480983802422351,-0.0032662733300260027
