step,loss,param_0,param_1,grad_param_0,grad_param_1
0,0.014770442941469659,1.0284685243024054,1.318038624729704,0.0439043909762815,0.06454662489760188
1,0.012229762320526609,0.9999328483852712,1.2716065652016295,0.028913856299564774,0.04804654800153088
2,0.011641937231137371,0.9874768669625702,1.2393327801087677,-0.0013721143710939254,-0.0020365125629314817
3,0.011639145592684497,0.9877610191149657,1.2399674796170144,0.0002517852900332288,0.0008371878103471354
4,0.011639145560226615,0.9877610187772455,1.239967477157182,0.00025178660620625484,0.000837190203156197
