step,loss,param_0,param_1,grad_param_0,grad_param_1
0,0.01838127522373427,1.03325345903266,1.3214891332319088,0.02230803601042767,0.04296218752153193
1,0.017525481759138345,1.0156534402416224,1.2871368512481087,0.017853190251855208,0.03912411636481694
2,0.01619871025636853,0.9965601084498695,1.2164814129157469,0.0003736878733467165,0.014087426810133422
3,0.016137414301022508,0.998465784274247,1.2025134500382073,-0.007303896288376582,0.00034221940375820173
4,0.015919627327617154,1.0406820259254477,1.1721309633675447,-0.011744004405873757,-0.010111673327420469
5,0.015809697257709605,1.05,1.1738376886553585,-0.0072805276021602775,-0.0013870675567749244
6,0.01580641579136467,1.05,1.1748186225695436,-0.006495431944222924,0.00035517431316337954
7,0.015806415802372062,1.05,1.1748186225695436,-0.006495432168525341,0.00035517385546927644
