step,loss,param_0,param_1,grad_param_0,grad_param_1
0,0.02478588430452895,0.9965685374115719,1.238158017481505,0.015146842492224456,0.04037165313476162
1,0.02401395492377643,0.984998409048933,1.210534856700437,0.008003097394717508,0.029231784000283437
2,0.023555542111987193,0.9813219426296981,1.1804761559740728,-0.005238578373617912,0.0052638267239736285
3,0.023501858159587108,0.9881415008859817,1.1709106051277427,-0.009529201621449677,-0.003923498557073284
4,0.02308312191149356,1.05,1.133241144590411,-0.011703070933050935,-0.00914880292854622
5,0.023053910656948288,1.05,1.1373767151098904,-0.009436564319052352,-0.0036800924008894074
6,0.023032422063885012,1.05,1.1436954831958992,-0.00614560834966495,0.002934379029361148
7,0.02303204948334089,1.05,1.1430861529177383,-0.006877248544904074,0.0014334875757972768
8,0.023032049482590983,1.05,1.143086145571102,-0.006877247333253823,0.001433489746057913
