step,loss,param_0,param_1,grad_param_0,grad_param_1
0,0.010573609922000852,0.9796093026576354,1.2132562810688885,0.023470146922741655,0.04305036186439996
1,0.010267758923390095,0.9731774417359086,1.2011136072356643,0.0004998532909891637,0.0016120927842844046
2,0.010267695699242635,0.9731507961374223,1.2010219727720608,6.707268601056503e-05,0.0006807389570406327
3,0.010267682666953106,0.9731523941111412,1.2009878523065065,-0.00035655868873109894,-0.0002874249059007057
4,0.010267681326365227,0.9731620841841682,1.200993153352565,7.051789341554465e-05,0.0006874666735723067
