step,loss,param_0,param_1,grad_param_0,grad_param_1
0,0.01818394393149323,0.9698691519113866,1.189321779929117,0.004588563528737036,0.018967368332991945
1,0.018113951552350516,0.9682387255869073,1.1833668308696108,-0.0003344862845577172,0.009613744169177707
2,0.018089493954854288,0.9693029741427027,1.1767444405400314,-0.006132001077759441,-0.0017283878100356584
3,0.01802830395906881,0.9813310531712925,1.1727652469417067,-0.0033336775066648205,0.004046344538962164
4,0.018011764012419874,0.9851232965718147,1.1681244839881142,-0.007157277451674941,-0.003873085446296636
5,0.018011763995208284,0.9851233310486195,1.1681244230368897,-0.007157271166737709,-0.003873074122508263
