step,loss,param_0,param_1,grad_param_0,grad_param_1
0,0.012364602997802392,0.9839178940381865,1.2268893314220914,0.020438118125939167,0.02579978209099608
1,0.012138942421731306,0.9775279919115064,1.2183189317557659,0.008676065473337779,0.0035962186845699953
2,0.012100946966669773,0.973167478298816,1.2167438850261676,0.0032656718472005106,-0.006461210999773041
3,0.011798494706952609,0.9036324818231343,1.2456660319133845,-0.010330965889410768,-0.028807618473583603
4,0.011717128578973541,0.9025936259137702,1.258946456962147,0.006236125590018217,0.00019038057166009988
5,0.011703771081284139,0.9,1.2603487418228931,0.0061045020237548995,-0.00010054943432006571
6,0.01170377108194591,0.9,1.2603487418228931,0.006104502026981951,-0.00010054943326754393
