step,loss,param_0,param_1,grad_param_0,grad_param_1
0,0.01833074166168703,0.9899714140017416,1.2253238230085661,0.014549922340986298,0.03805858029361689
1,0.017745608885240568,0.9791799342963547,1.2000999022739445,0.005563964556881618,0.022523545381961996
2,0.01758534606640256,0.9768036189243101,1.1831081735199909,-0.002298860777677541,0.007179190793026591
3,0.017571839618328373,0.9807399263602495,1.1734971767588718,-0.006757459838537485,-0.0022099893975872607
4,0.017416524138568742,1.0128756496482834,1.1553830821776432,-0.010627515132758697,-0.0106151000580087
5,0.01719065451676801,1.05,1.1406049520683625,-0.007614691902072211,-0.005037282966051467
6,0.01717569984332616,1.05,1.1433564464619101,-0.006383494752062598,-0.0017352330077358585
7,0.017173013967123684,1.05,1.1441093974438958,-0.005424767013591363,0.0005155587588977317
8,0.017173013966888386,1.05,1.1441093974306764,-0.005424767006695679,0.0005155587506455849
