step,loss,param_0,param_1,grad_param_0,grad_param_1
0,0.011757604003113414,0.9871837380623296,1.2300436155329266,0.008890010684070093,0.009551302256942697
1,0.01173489098750391,0.9839087225930921,1.2264225769599784,0.004489453735373438,0.0022213054576478266
2,0.011727785843779722,0.9807647266856292,1.2252068697253156,0.00299503999029498,-0.0001577011448975112
3,0.011720533547224863,0.9744809890614892,1.2252765747973382,0.0004989869536040825,-0.004761870167419388
4,0.011677211073224258,0.945144738939207,1.2374150710043552,-0.000933382979494922,-0.006578374688322319
5,0.011563754421387403,0.9,1.2809509040111422,0.0076403091068598765,0.009191674925211925
6,0.0115511955792852,0.9,1.2708092302578207,0.0007249554354715501,-0.003304816317122813
7,0.011547372517531386,0.9,1.2734912926266053,0.0032170591086287475,0.0011435579837761178
8,0.011547372397151996,0.9,1.2734898174768248,0.0032172627121561373,0.001143917144198329
