step,loss,param_0,param_1,grad_param_0,grad_param_1
0,0.008948006940245909,0.9851437228463178,1.2327757305614309,0.038428848819971634,0.06339391279952702
1,0.008216664242709112,0.9758636973939482,1.2152932579806088,0.014974712492549476,0.021914959572892356
2,0.008177633073347542,0.9699055047696251,1.2060753510399327,-0.0017267111173154843,-0.006843383884846141
3,0.008165005384742113,0.9705407730948227,1.2082576696404645,0.001627021897060712,-0.0007231347898014199
4,0.008141303741700561,0.9596259359878115,1.2161070666781566,0.0034066988231033577,0.002830542112064789
5,0.008084581758153074,0.9210440489140744,1.2396401031232283,0.0021769258823216677,0.0014824168843494499
6,0.008068686122080749,0.9,1.252017370253637,0.002777148087035788,0.003780665618072005
7,0.008068686121340882,0.9,1.2520173689297351,0.0027771485415909788,0.0037806664091615287
