step,loss,param_0,param_1,grad_param_0,grad_param_1
0,0.018888150028658453,0.966617215113646,1.1892107015598363,0.0046125487073405205,0.0010953772379942305
1,0.01885856169203417,0.9579338466652515,1.1872359414016653,2.750826422541139e-05,-0.00770585283866002
2,0.018848382954318565,0.9566099376860432,1.189627484720749,0.002484899206250426,-0.0029243360653485144
3,0.018661297955499416,0.9,1.2257325547560807,0.0063142612249328395,0.00421096076178057
4,0.018656687215616013,0.9,1.224693042285877,0.005739073615535434,0.0033166635039493446
5,0.018651075690026494,0.9,1.2208378218414069,0.003165263958887442,-0.0015941913540385936
6,0.018651067845148882,0.9,1.2209498597552384,0.003160117991765057,-0.0015873777603162362
7,0.0186510678450707,0.9,1.2209498667565917,0.0031601170791041473,-0.0015873794535553828
