step,loss,param_0,param_1,grad_param_0,grad_param_1
0,0.00868292240991601,0.9857131707558424,1.2282924942958269,0.037033190729658966,0.061286265597276526
1,0.008246824453295132,0.9761139122378263,1.2112236723854386,-0.00731383140642038,-0.020785383907359067
2,0.008207029347555243,0.9777059851308527,1.2155416760443252,0.0026276513487871692,-0.0015932175035682106
3,0.008200285931172153,0.9749659912703705,1.2176633820300922,0.004572449931910937,0.0026701490989891694
4,0.008167744308872505,0.9592617975314285,1.2264368961643775,0.004616607871765748,0.004300501966684409
5,0.008121891694773488,0.916695189150742,1.2489162281572204,0.00029920600501709036,-0.0009168359975655432
6,0.008121324636991254,0.9114475313427488,1.2528773077683775,0.0013253244077942054,0.0008197867345263073
7,0.008118821132794943,0.9,1.2596406439386694,-0.0003683966347518559,-0.0012277962301096952
8,0.008118821129342126,0.9,1.2596406507140951,-0.00036839743069775363,-0.0012277973554477696
