step,loss,param_0,param_1,grad_param_0,grad_param_1
0,0.012886379647883165,0.9796625070973485,1.2110232331746331,0.009806997052639715,0.026353549779287347
1,0.012791467390188464,0.9762992973404504,1.202333811109268,-0.005113876446662859,-0.0011665785464788408
2,0.012785283391681144,0.9776595012785321,1.2025896420976643,-0.0031139565417171314,0.002274512152619132
3,0.012770762268002011,0.9814391632091496,1.2014547415060883,-0.001362822103216793,0.005631517609505083
4,0.012675211908929103,1.0113174271463365,1.1893074161655428,0.00548280170753635,0.018708614779156318
5,0.012620218964699824,1.05,1.155625186728656,-0.014368793020760459,-0.02216003675144066
6,0.0125163475082918,1.05,1.163163748758648,-0.005529079172015657,-0.004486588477394505
7,0.01250889669239209,1.05,1.1650774910581376,-0.0028339401842063013,0.0008760824573302555
8,0.012508896772594999,1.05,1.1650774910581376,-0.002833940996971717,0.0008760808022390436
