step,loss,param_0,param_1,grad_param_0,grad_param_1
0,0.00888107668583631,0.9858786200372007,1.2284263674620852,0.025624153758047538,0.05311066388297414
1,0.008306352847382365,0.9788026026823671,1.2130966819937166,0.007656957819271851,0.024390720176667664
2,0.008212122835620395,0.9762092960363209,1.1998136341461298,-0.012504329356702114,-0.0126260129028192
3,0.008182076062923097,0.9785932611370557,1.203921929942993,-0.003927119012978609,0.0037525266498578233
4,0.008145217644277012,0.9851134394398608,1.198659139908888,-0.006321195555388685,-0.0014637749003085896
5,0.007979530719045582,1.0241198635919793,1.174332297222358,-0.009383266440765311,-0.0096402074417588
6,0.007882362362880323,1.05,1.1613970852122315,-0.007373186941655105,-0.00853459737618394
7,0.007876337205196647,1.05,1.1645418398661773,-0.003253532285018822,-0.000328164074047373
8,0.007876337196997965,1.05,1.1645418423208838,-0.0032535324809631304,-0.00032816458985811085
