step,loss,param_0,param_1,grad_param_0,grad_param_1
0,0.014394387447795772,0.9789076501980677,1.2089167025553402,0.009440665789110752,0.028216927543298215
1,0.014251041868688611,0.9756382460669163,1.1997378079049148,0.0012055898993158839,0.012566724012263946
2,0.014230797539856899,0.9757071954942479,1.1920792493477819,-0.005481168336454581,-0.0015316158516457332
3,0.01418165392697294,0.9856422882394525,1.1913931166551575,-0.002340575936460196,0.005711714627908206
4,0.01407756749346258,1.0180859777821871,1.181077479135438,0.003913858546333565,0.01767409431190737
5,0.01388637743906269,1.05,1.1543404891989961,-0.006089811499215047,-0.003310606896634085
6,0.013879809011403503,1.05,1.1559514363458117,-0.005339617609493001,-0.0014767434759743049
7,0.013878505520602614,1.05,1.1566288970541658,-0.004254206956278315,0.0006285133494187117
8,0.013878505520091332,1.05,1.1566288968171448,-0.004254206919092064,0.0006285134225130114
