step,loss,param_0,param_1,grad_param_0,grad_param_1
0,0.014933278906533683,1.0451256994511215,1.3514691061934827,0.04754432830819782,0.0662623718617386
1,0.010030876900457949,0.9823545830834912,1.2547405565941394,0.009370502979682695,0.01526153229525258
2,0.009952876726115485,0.9767692455380239,1.2441328619426448,0.0007391627019961744,0.00041089489732840535
3,0.009952876797651375,0.9767692455380239,1.2441328619426448,0.0007391612445520747,0.000410892449868891
