step,loss,param_0,param_1,grad_param_0,grad_param_1
0,0.017665157342265977,0.9648851515775569,1.1830013819097576,0.0061005839845712576,0.010866036403168217
1,0.017642817439004654,0.9628436724638013,1.179276856105639,0.0007257100746790864,4.07029746988391e-05
2,0.017642817424249616,0.962843275839101,1.1792768266780633,0.0007257918656341817,4.086765126831444e-05
