step,loss,param_0,param_1,grad_param_0,grad_param_1
0,0.008526157850823675,0.9855847359111481,1.2276351186285095,0.03608331425695403,0.052111459422033934
1,0.008041444907293315,0.9761515758851834,1.2127368095647957,0.008889895731642236,0.005848413170855455
2,0.008026008103479282,0.9731020674019727,1.2108332445672845,0.00432067300710528,-0.0018444749041524756
3,0.00802167161153416,0.9703226529721392,1.211227753420409,0.0013472106912627182,-0.006435440124271514
4,0.007997797072855181,0.9625308878180523,1.214905678281934,-0.0006916821823929472,-0.00972090720905928
5,0.007900295864021094,0.9,1.268239104712325,0.019856158803534765,0.02620319515290429
6,0.007822507017929043,0.9,1.2573834307812837,0.004559142230606992,0.0024898307293171017
7,0.007822507009938065,0.9,1.2573833749614722,0.004559161467863768,0.002489865436035266
