step,loss,param_0,param_1,grad_param_0,grad_param_1
0,0.011808729093637779,0.9844875715718191,1.233918694859487,0.032682998373249526,0.0560332380116082
1,0.011081300190353728,0.9767643027075606,1.218273081431977,0.01624784669073096,0.0300954817033149
2,0.010902070192147121,0.9692778034578371,1.2000252806300657,-0.013185750225341861,-0.02296916586870682
3,0.010860228293499283,0.972650561848805,1.2079133846824694,0.0035713905577335016,0.006572822032849066
4,0.010848746610787009,0.9719366409942614,1.2061555723954442,-0.0008213653355968841,-0.0010505278571398178
5,0.010848746725269542,0.9719366409942614,1.2061555723954442,-0.0008213658263161192,-0.0010505289456043333
