step,loss,param_0,param_1,grad_param_0,grad_param_1
0,0.016673178611260657,1.0040013342509362,1.2681974952168025,0.033588871520205316,0.042164294347893
1,0.015399490569205114,0.982704245642791,1.2374410882572102,0.02600673464669257,0.03411650706014538
2,0.014921350447394231,0.9694117999415818,1.2164407495166414,0.011509236930398327,0.011052529679495767
3,0.014854036113609451,0.9588378269488405,1.2063905911667063,0.0035387227189475016,-0.0015925459903586969
4,0.014844331660462909,0.9544772275328031,1.2074458003950297,0.0026801886083767574,-0.0028339765317758753
5,0.014734745957538202,0.9081078604145756,1.22769020026145,-0.0006375627541473829,-0.0077644799103006226
6,0.014667888959077413,0.9071079259042175,1.2376290305967557,0.00325936327252456,-0.0019465748388244049
7,0.014626716292136799,0.9,1.2455136128740587,0.00590483532841173,0.0023741621898283275
8,0.01462671612345482,0.9,1.2455134795598712,0.005904884165352637,0.0023742532146825792
