step,loss,param_0,param_1,grad_param_0,grad_param_1
0,0.015413025266106432,1.015213500413365,1.289695023766299,0.021970658647214137,0.034919059367203284
1,0.01489067397554821,0.99866203722728,1.2618177037457285,0.006377476364399718,0.010777554427185311
2,0.014884291285653307,0.9919108116650607,1.249360617536962,-0.0016196968795031852,-0.0024896919397510483
3,0.014871393284948046,0.9932824586865373,1.2516956874064469,-0.0008514650782429794,-0.0014363901730673496
4,0.01486803346701305,0.993636776479873,1.2524522464908214,-0.0007392582577647156,-0.0013052347117990326
5,0.01486560715666252,0.9942043105589421,1.2545152904377999,0.0020556657424678046,0.003510740225622537
6,0.014865606094470376,0.9941904596670644,1.2544659199896329,0.0018316451823617887,0.003133276762521656
