step,loss,param_0,param_1,grad_param_0,grad_param_1
0,0.018832428650876892,1.0303621222585617,1.3100906738726896,0.024187435352500352,0.049000270303131435
1,0.015383973881152988,0.9875145684369487,1.223629088282004,0.008264323023705607,0.0323176695341239
2,0.015260069299472314,0.9871534757138515,1.218272341196605,0.005376148855886663,0.027389221350271102
3,0.01500935874192838,0.9969722141136292,1.1823550220176515,-0.020364386173631985,-0.02165898494265042
4,0.014868593074348834,1.0024236230437051,1.1912780376653143,-0.009071732469949051,0.0011765454438628828
5,0.014487947856919396,1.05,1.173427307683074,-0.0013896840623803745,0.015275596199986122
6,0.014451544575276901,1.05,1.1694679702147168,-0.005719461488498044,0.00664323678669229
7,0.014441218613772521,1.05,1.1664209682235565,-0.008950814102310613,-7.705434439932027e-05
8,0.014441216890677634,1.05,1.1664559049154695,-0.008940258990993504,-1.270873291429539e-05
