step,loss,param_0,param_1,grad_param_0,grad_param_1
0,0.011384488325291939,0.9833515418836896,1.2206224080751191,0.015234513290680384,0.026391122557211235
1,0.01123454603015819,0.9784080283020063,1.2118468209464415,0.007630727190252888,0.014462071192930394
2,0.011172887875960484,0.9734915345193463,1.2011794343836308,0.0018577070228301793,0.0051609560488051825
3,0.011172664195044852,0.9732020674728415,1.1999684584421046,0.00040890593286481793,0.002606259606321833
4,0.011172664013886039,0.9732020732489933,1.1999683746410579,0.00040893410818075484,0.0026063157813590583
