step,loss,param_0,param_1,grad_param_0,grad_param_1
0,0.027106163048891806,0.949574830290313,1.1361976722361666,-0.010547590033246405,-0.009241058016529621
1,0.02708668610460743,0.9527095549889721,1.1404351349204156,-0.005799999310799772,0.0011451630476284123
2,0.02699271280021675,0.9756689795469244,1.136356859124813,-0.0014130402985761418,0.011114113164173212
3,0.026683949462647863,1.045896959752786,1.113253296849726,0.003968634509784606,0.0246147953357784
4,0.026425758844342194,1.046648573217154,1.1016662719332146,-0.0036319966913772486,0.0077528317471694495
5,0.026360729801146135,1.05,1.0949828612871852,-0.008756588111113777,-0.003917349787533849
6,0.026360710576588713,1.05,1.0950418056954985,-0.008258755272534113,-0.0026026088154249747
7,0.02636071057648102,1.05,1.0950418058517302,-0.008258755425121892,-0.002602609219384678
