step,loss,param_0,param_1,grad_param_0,grad_param_1
0,0.014679576313741607,1.0404458832550771,1.34104084868089,0.04057642413390968,0.05834971529893043
1,0.012541376797366853,1.012081468489398,1.2965292354260407,0.03013445104038605,0.047822491021174585
2,0.0113941459867059,0.995955385843983,1.2546346604764311,0.008916967123083666,0.01562657599157357
3,0.011362929421582768,0.9894982234949676,1.2340898252400898,-0.004684559590956179,-0.00816305616893477
4,0.011332358089162099,0.991726196596684,1.2411371712871362,0.00035310376369886674,0.0011748637512342221
5,0.011332358136466134,0.991726196596684,1.2411371712871362,0.0003531028590969171,0.0011748622740930543
