step,loss,param_0,param_1,grad_param_0,grad_param_1
0,0.01653323482073899,1.05,1.3715141558073776,0.04310023488544046,0.055993554044046115
1,0.010051827133507553,0.973240256279656,1.2583214410437227,0.020951570931943615,0.035824896682539534
2,0.009886293750434934,0.9711513695576695,1.2525117964622534,0.017669026119318844,0.03186516990913712
3,0.009677680188881693,0.9681691873679048,1.2348405053818643,-0.0017717386945992107,8.990182564335737e-05
4,0.009654775714543963,0.9883360663512496,1.2249439638558466,0.0010854338252173292,0.003884618162421591
5,0.009645124160141206,1.021091753378395,1.20464358573917,-0.0008369484553658682,-0.0008407740952421539
6,0.009644973173507125,1.0367633399163207,1.1960784618976117,-0.0018247870334450736,-0.003281475226330827
7,0.00964379371644245,1.0477304139489563,1.1914384980424613,1.4107355889547831e-05,0.0001257438468272947
8,0.009643793714587793,1.0477304171257837,1.1914384953235364,1.4107470212340817e-05,0.00012574409676821682
