step,loss,param_0,param_1,grad_param_0,grad_param_1
0,0.014788223717998811,1.0340619017508565,1.3274947388061964,0.031495991751325586,0.04725900117970276
1,0.013481772373500645,1.0109346618916064,1.290283866290318,0.02041637163155159,0.03402519938869866
2,0.012833601557979501,0.9943552381444921,1.2517530434017783,0.00014583460534840748,0.0016544401218493798
3,0.012833601656241561,0.9943552381444921,1.2517530434017783,0.0001458334946946153,0.0016544381163425552
