step,loss,param_0,param_1,grad_param_0,grad_param_1
0,0.005934238954520704,0.9852019146864769,1.2386398944899846,0.07422407049011998,0.13167925109209117
1,0.0038635597911315413,0.971317962207321,1.208310957474897,-0.05487844251949436,-0.10531795073671049
2,0.003561398789150714,0.9737819447769788,1.2139689579651463,0.003911991741460522,0.007138261290963977
3,0.003560829802583763,0.973617129383596,1.2136102601567262,-0.0012300625870636688,-0.002604250925997859
4,0.0035606984774138725,0.9736561316287528,1.2137063668553396,0.0006826370854897484,0.001457640223542657
5,0.0035606984771235847,0.9736561306970156,1.2137063645450437,0.0006826380839850222,0.0014576421033105275
