step,loss,param_0,param_1,grad_param_0,grad_param_1
0,0.016653423255180114,1.0245839993656491,1.3061229105669447,0.01865021648045896,0.030948624347607503
1,0.016052301247701718,1.009609475358528,1.280321713841378,0.014739528044769344,0.027145367561681823
2,0.015479669973204642,0.999549688319745,1.2435969369772393,0.004574994650261727,0.012749527367251521
3,0.015396256730879979,0.9988551810970336,1.2278306095876583,-0.0012604406151415209,0.0033085163450864838
4,0.015392729634537066,1.0024102714520386,1.2202007841145628,-0.004626470021128269,-0.0027410799107229376
5,0.015329312857382434,1.0238658324689696,1.211954310248961,-0.002094602455179817,0.0014647322765399757
6,0.01526407864919243,1.05,1.198118940159837,-0.0019004012696805525,0.0013625990842050166
7,0.015264078379892144,1.05,1.1980770745353955,-0.001980737125582682,0.0012327406060032475
