step,loss,param_0,param_1,grad_param_0,grad_param_1
0,0.012947131606868318,0.97711082947282,1.2052454307249407,0.014873755123860598,0.03348226670905208
1,0.01278787676873503,0.9724088590356176,1.1948591023558417,-0.0036895232164844446,-0.0017143377133084514
2,0.01278374532010376,0.9733996986594275,1.1953352980589464,-0.0017951007278212883,0.0017705481204220693
3,0.012771987082984892,0.9789862458136636,1.1936406563315332,0.0005497755014592556,0.005929925067514587
4,0.012653489718750664,1.05,1.16194875748283,0.006042400894361746,0.015741486284914303
5,0.012607824060202132,1.05,1.155939845706514,-0.000669207361402564,0.002540022724088804
6,0.012607636378732849,1.05,1.1556739986186,-0.0015531639101995052,0.0006529513657331117
7,0.012607636378732747,1.05,1.155673998610551,-0.00155316391122317,0.000652951367870152
