step,loss,param_0,param_1,grad_param_0,grad_param_1
0,0.009611156053371012,0.9842590165768068,1.2330329850521202,0.0437424539551762,0.08247834746105663
1,0.008595844689425118,0.9747256559170838,1.2119879300389318,0.009082877850831617,0.025484254881055237
2,0.008541576454539521,0.9724843417995582,1.20242158948659,-0.008388570922716283,-0.005931558794884873
3,0.008521500623949104,0.9740549134681911,1.203952811052759,-0.0033062699326125086,0.003511022321572636
4,0.008417433216855034,0.9992155776426308,1.1900026135066142,-0.004478907238366388,0.00043795610910637517
5,0.008417433215324031,0.9992155777847077,1.1900026131169872,-0.004478907070322386,0.0004379564398949102
