step,loss,param_0,param_1,grad_param_0,grad_param_1
0,0.008912262075496339,0.9846844820873321,1.237395402654975,0.05181602509202355,0.08255661683908182
1,0.0076630005324508,0.9738747044541103,1.2159791186805706,0.013092811905474356,0.02103961487210354
2,0.007614960456726698,0.9702241858888575,1.2086516981456252,-0.00807506407747649,-0.017248390971494616
3,0.007598998011945776,0.9716008178286525,1.2119614555634346,-0.0002871964593083587,-0.0034143551421953293
4,0.007598998007332937,0.9716008178230442,1.2119614742538785,-0.0002871991194146687,-0.0034143600843311575
