step,loss,param_0,param_1,grad_param_0,grad_param_1
0,0.017266953374725266,1.0043495844850536,1.2570271759091733,0.02531212316459691,0.052995420025244565
1,0.016049231909006027,0.9870735465550364,1.2215857608240923,0.014920507343027894,0.039188721201788276
2,0.015540203242689201,0.9810327080367213,1.1916698792321916,-0.001082655857355129,0.010312152667226196
3,0.015527012569722503,0.984235592812902,1.1794380492518517,-0.007549712090480936,-0.0032546961087018883
4,0.015374084057268065,1.0069884908362723,1.1743525563328692,-0.003079224812582937,0.005992800244700877
5,0.015347924978712717,1.0175252002686206,1.162004705178463,-0.007895479859661577,-0.004479377629592416
6,0.015123019892605307,1.05,1.1521108346233944,-0.005930892580486735,0.0001903903772834249
7,0.015123019930426673,1.05,1.1521108346233944,-0.005930893115483057,0.000190389069873469
