step,loss,param_0,param_1,grad_param_0,grad_param_1
0,0.020622285112625604,0.9989960076138201,1.2446522065070225,0.011733769714582374,0.03239243466985916
1,0.020117241340085436,0.9894156100809572,1.2205732846678952,0.005634786794721695,0.02377497241760638
2,0.019671169360741637,0.9874779884933192,1.184335274095731,-0.0039459861171414175,0.0071587377810300775
3,0.019629592066206736,0.9984029282498452,1.1628838464897633,-0.012940223899000933,-0.012019307459707286
4,0.019519574112811116,1.0074766758448854,1.1647009604569807,-0.008650174377521478,-0.003268296073994656
5,0.019226068013023363,1.05,1.148968487359983,-0.006065616868348641,0.0012758864482250633
6,0.01922600196908604,1.05,1.1484097499024044,-0.006152630807324087,0.0010717574762304513
7,0.019226001969420304,1.05,1.1484097499024044,-0.006152630801474512,0.0010717575005925479
