step,loss,param_0,param_1,grad_param_0,grad_param_1
0,0.01004821774503648,0.9836070722003042,1.2220403945474174,0.023581382243943023,0.03158449926260524
1,0.009821138940154139,0.9765977335142862,1.21204667327604,0.012087367746669396,0.012585401726963041
2,0.00979445247296762,0.9735551304594072,1.209241742563309,0.005250589555610919,0.0008514208956128082
3,0.009791525095915316,0.9713554287463222,1.2089583976533151,0.002513568894428709,-0.0033861093002103787
4,0.00978539719688122,0.9681696561918647,1.209937708748097,0.0006679212540084975,-0.006076644801613704
5,0.00975442139720272,0.9544092292110151,1.2163743934551077,-0.0011390788245302648,-0.008767341381138674
6,0.009613953661848574,0.9,1.262480434819949,0.013593999398478135,0.015976314930919444
7,0.009588307243819408,0.9,1.2547760138657975,0.003179451779313482,0.00018179979746094609
8,0.009588307238603981,0.9,1.254776013741635,0.003179451896606256,0.0001818000348058242
