step,loss,param_0,param_1,grad_param_0,grad_param_1
0,0.01052930449605245,0.9852770736060625,1.225335382641277,0.02211518594616179,0.03831273171699012
1,0.010240502501627275,0.9786190265587474,1.2134212655260124,0.010533709664846408,0.01800724545133741
2,0.010163318258584318,0.9725621585780285,1.2028562935722513,0.0012656453977505056,0.0024251062822095012
3,0.010163318357745022,0.9725621585780285,1.2028562935722513,0.0012656439238365681,0.00242510342113303
