step,loss,param_0,param_1,grad_param_0,grad_param_1
0,0.012779202526133576,0.970392902427723,1.1975151142056584,0.026795760266633543,0.03846173099445518
1,0.012478913417588092,0.9644085755486862,1.1881091462557223,0.010155089820686896,0.006427033079385389
2,0.012453178796201619,0.9609207578420368,1.1861367780671266,0.004343898496359576,-0.005029996620508995
3,0.01239572140900146,0.9487250171710718,1.190040335944697,0.0009666178031991569,-0.011095528620661498
4,0.012094929506597503,0.9,1.219055349929865,0.005702044793128785,-0.001321069383133003
5,0.012094763985944492,0.9,1.2192190067101085,0.006362754861212716,-0.000108294190540985
6,0.012094754006289102,0.9,1.2192336203653442,0.0063788884549214765,-8.305060523204968e-05
7,0.012094729611287684,0.9,1.2192816988334827,0.006557065090735862,0.0002528442026656398
8,0.01209472961144032,0.9,1.2192816988334827,0.006557065088458119,0.0002528441983709901
