step,loss,param_0,param_1,grad_param_0,grad_param_1
0,0.011105185819284474,0.9876228531084015,1.2311062466343476,0.010700065413645704,0.012319742123553482
1,0.011062316705834555,0.9837834250738839,1.2265387885839494,0.005512709557277626,0.003718503816440267
2,0.011047415355817193,0.9798902202603157,1.2244513771692873,0.003688078452598478,0.0008840847501229625
3,0.011045398297033125,0.9723954967255414,1.2235592057430718,-0.001306297349233578,-0.007997393508072383
4,0.011034094988768292,0.9722723000278549,1.225534178101803,0.0007391643558154943,-0.004169058858188291
5,0.011012125422504635,0.9655559683758663,1.2312972160346933,0.003505173083752158,0.0010891052557362596
6,0.010868685901443199,0.9,1.2732934343132216,0.002654458150001457,0.0003224313741305822
7,0.01086868590067706,0.9,1.2732934326757521,0.002654458362875181,0.0003224317472220645
