step,loss,param_0,param_1,grad_param_0,grad_param_1
0,0.005926124493480116,0.9856815860166963,1.2361137764021422,0.08393938636745953,0.1407884572750664
1,0.004025330275624425,0.9781060810615092,1.22060100837076,0.04204637282022668,0.08132814491964577
2,0.003879287278989398,0.9765701736311253,1.2159985901461496,-0.009391804647165988,-0.010875031594356668
3,0.003874559893739166,0.9768922362932194,1.2165182042374243,-0.0024211072921409256,0.001598712806033898
4,0.0038676689428588274,0.9794805891780808,1.2149859539137895,-0.0036614120593193257,-0.0016144980732475207
5,0.0038408095888660416,0.9942106682324453,1.2071206131401213,-0.0008643073788973401,-0.00025769319674709586
6,0.0038399954217475784,0.9993817042861936,1.2043497961989929,-0.00023923666980242553,-0.001335179693589936
7,0.003839598443216332,0.9973701275146263,1.2054681947627346,0.0012794358141877977,0.002089179023787421
8,0.0038395984456078627,0.9973701275146263,1.2054681947627346,0.001279435717701301,0.002089178848393356
