step,loss,param_0,param_1,grad_param_0,grad_param_1
0,0.008115370751257303,0.9852905298530326,1.2257664198324327,0.04357471228447576,0.07941212540343295
1,0.0071425957499004124,0.9748133236492549,1.2053257527080188,-0.005580509951570447,-0.011864167632390068
2,0.007127567842751986,0.9759986169387465,1.2079848911505895,0.003135167518033638,0.004947259203414735
3,0.007127163208164548,0.9755658719705912,1.2072056667151725,0.0003223151076719189,-1.9337520845349402e-05
4,0.007127163210078489,0.9755658719705912,1.2072056667151725,0.0003223141807236683,-1.9339027542191346e-05
