step,loss,param_0,param_1,grad_param_0,grad_param_1
0,0.0220334476768366,0.9998784248464271,1.2524772791546852,0.02062283728221266,0.04195383460026922
1,0.021092345135495336,0.9852880545268056,1.2227103290820804,0.011398491550725177,0.027542578898277357
2,0.020807025455646007,0.9778143808593904,1.1972539770976156,-0.0041267346789494175,-0.0009244774913601651
3,0.020796995320075513,0.9806437632930419,1.1976210291105998,-0.002481233769461214,0.002063601387022359
4,0.02066680407530212,1.0313479920412458,1.1801786168947896,0.0031661397962032926,0.012662793097690687
5,0.020660329729890896,1.05,1.148276421855137,-0.007026205781387451,-0.009301120950051305
6,0.02057435069395923,1.05,1.1579585345926267,-0.005271357234086334,-0.00526787427735269
7,0.020558982507166774,1.05,1.1628187023376861,-0.0027285685289216667,0.0009229010842460952
8,0.02055898249998463,1.05,1.1628186955681887,-0.0027285672756965093,0.0009229035723275457
