step,loss,param_0,param_1,grad_param_0,grad_param_1
0,0.024729215693076755,0.9580293375562132,1.1745015644199295,0.010369335867290892,0.0019260773961284625
1,0.02469825418871266,0.9543626968030106,1.1740746359407486,0.00833605360632937,-0.0018415059874655592
2,0.024558660071371557,0.9317650169319701,1.178366070914122,0.0023248103170437225,-0.013224445174351665
3,0.02428366999819626,0.9,1.1958010279889946,0.0027701477752518225,-0.011680796770118107
4,0.02422964026986381,0.9,1.2035660697879544,0.008976107681732893,-0.000600697582346571
5,0.02422873341407823,0.9,1.2039870445244083,0.009431838748983358,0.00030949452115882053
6,0.024228733385720038,0.9,1.2039870420916436,0.009431839679282034,0.0003094965206943568
