step,loss,param_0,param_1,grad_param_0,grad_param_1
0,0.02742253455789658,0.9631330223588874,1.1727784532987477,-0.0024275993763820435,0.010039204774521079
1,0.027400382199781508,0.9638925515262405,1.1693894654148915,-0.005029841336538868,0.0047946810440720015
2,0.027351493862296863,0.9694803057323719,1.1627901787294543,-0.006346357114389923,0.0025532923792789355
3,0.02729293137527241,0.9796434402686437,1.1528887461173598,-0.011475860629304283,-0.008618009781480564
4,0.02719316251720902,0.9980661110079937,1.1416278183495197,-0.01361577263995812,-0.014279792074063422
5,0.026861998116400453,1.05,1.1164042296167649,-0.015196988527248968,-0.019417118378329636
6,0.02677249717723693,1.05,1.1211383852680892,-0.011099556563129363,-0.0091468271340406
7,0.026749709727824953,1.05,1.1253546730381545,-0.006599572379718288,0.0015549951206850223
8,0.026749709723187066,1.05,1.1253539796740866,-0.006599439308135963,0.0015552725586953009
