step,loss,param_0,param_1,grad_param_0,grad_param_1
0,0.019032577204269915,0.9842858357477657,1.2124065450479284,0.012105165764061811,0.03443430562523759
1,0.018630216827005913,0.9751422060685342,1.1903106364090301,0.004097357322221481,0.020181265043549487
2,0.018553727190687253,0.9739914536694922,1.1788851913893656,-0.002718985374974697,0.006052396451244305
3,0.01854425038650284,0.9772471963381569,1.172641612780443,-0.007055528415038431,-0.0026859764323940378
4,0.018408988487832515,1.008450569314061,1.153608416133063,-0.010296179202389082,-0.010294947626541323
5,0.018174805841856486,1.05,1.1347978986255352,-0.009347302092833843,-0.008406139775387695
6,0.018147453993254018,1.05,1.1379123900658996,-0.007170887494137258,-0.004071808558637593
7,0.018138446066925336,1.05,1.1408382423527925,-0.004635742732755155,0.0014743337348994813
8,0.018138446048264645,1.05,1.1408382298735777,-0.004635737373078337,0.001474347077642977
