step,loss,param_0,param_1,grad_param_0,grad_param_1
0,0.016026047620808434,1.0105231772438108,1.2797723324774724,0.012378732846233621,0.019785697334075775
1,0.01585499701089468,1.0001941714120546,1.262629606334564,0.005960941348725035,0.009875251823764943
2,0.015834651306493697,0.9968321074582441,1.2566304558055195,0.003001645029443077,0.0050197411173530234
3,0.015834357745960877,0.9966767457398823,1.256347680157312,0.0024684580965194606,0.004119085709676166
4,0.015834348722875667,0.996537896939086,1.25609822591294,0.0019708905627410815,0.003220497020287188
5,0.015834348762092675,0.996537896939086,1.25609822591294,0.0019708902247006083,0.0032204963423750135
