step,loss,param_0,param_1,grad_param_0,grad_param_1
0,0.01617079884512166,0.9712006004766514,1.191727425330569,0.012519410117967974,0.03381321757285487
1,0.016013427689714227,0.9674496534553894,1.1823159636235778,0.0020139184163860623,0.014058203131036595
2,0.016008101688251907,0.9670639144762334,1.1754412552057558,-0.007296197223891587,-0.0033275294052937223
3,0.015992249829686424,0.9687655561486351,1.1760076818037166,-0.005837449063485812,-0.0006417069167538765
4,0.01594972652288298,0.9778468038012944,1.174909125637998,0.00042264391101656004,0.01118073088278512
5,0.015605163223902397,1.05,1.1414509947342855,0.0014681073494773416,0.013952127926395797
6,0.015589420317923021,1.05,1.1362086374029658,-0.007380315851225649,-0.0056263328100933175
7,0.015583983706106082,1.05,1.1377151525193696,-0.004523582742797446,0.000565779879725952
8,0.015583983696576756,1.05,1.1377151505873822,-0.0045235819897885545,0.0005657815049015121
