step,loss,param_0,param_1,grad_param_0,grad_param_1
0,0.012451949450623782,0.979229137270947,1.2131585016132909,0.012813969009699434,0.014053054171746161
1,0.012400298188242283,0.9748079210488313,1.208057404146501,0.0073233480848534,0.004232772219802484
2,0.012395393763965843,0.969317431879861,1.2056314356866666,0.0024977649781274293,-0.003888414317800196
3,0.012355878312767654,0.9546280478483505,1.2117242569603943,0.00018791698278919702,-0.007244606162833319
4,0.01217205202867555,0.9,1.2568110507930816,0.009037494779201885,0.008370086902042728
5,0.01216542835215951,0.9,1.251076301230743,0.005395465420567043,0.0032234461462820833
6,0.0121654287653899,0.9,1.251076301230743,0.0053954592985085105,0.003223435175266968
