step,loss,param_0,param_1,grad_param_0,grad_param_1
0,0.020136487947143702,1.0276663283502716,1.3290800709035129,0.04546282337585521,0.06034473045998636
1,0.014635767955783488,0.9653537126497969,1.2347471998536965,0.015961599779360718,0.016841722252294394
2,0.014448921973795882,0.9547997665605681,1.2233615025456344,0.0005250405631511564,-0.010816416028978856
3,0.014446913689372265,0.9545330584441801,1.227762675302094,0.005952345972599771,-0.0008406928226340447
4,0.014192161454316184,0.9,1.2648378061405268,0.009195764131879348,0.004891468700630875
5,0.014160421648658926,0.9,1.260647662855091,0.006520403832702639,0.0007624018597852003
6,0.014159558987067056,0.9,1.2604760575555298,0.006239634756722628,0.00027879631569481663
7,0.014159087671056527,0.9,1.2603771279095488,0.006050675262533809,-2.025540282420959e-05
8,0.014159087671969354,0.9,1.2603771279095488,0.0060506752637503585,-2.0255406409573802e-05
