step,loss,param_0,param_1,grad_param_0,grad_param_1
0,0.017162749797723535,1.0200294881102523,1.295958920679702,0.013760015451502947,0.024368461724169687
1,0.016337252169679822,0.9893264499836614,1.2403235625022082,0.0008325153198901169,0.0070674616767612015
2,0.016323058689911917,0.98900790654905,1.2327629748111582,-0.0023128077143709756,0.0015327362357941176
3,0.016313613264277188,0.9929587951332091,1.2285570791216824,-0.0031724084822226145,-3.422199491690415e-06
4,0.016238690075265527,1.0309461620297167,1.1991503410158522,-0.005558880967516213,-0.004870785063987887
5,0.016187317732872745,1.05,1.189170348646071,-0.006007583672229658,-0.0059973537435099155
6,0.016167797622958297,1.05,1.1948938357083283,-0.002589504183509516,3.364540804429313e-05
7,0.01616779758218456,1.05,1.194893834803124,-0.0025895037653831153,3.364646045883623e-05
