step,loss,param_0,param_1,grad_param_0,grad_param_1
0,0.009834506198869055,0.9845142185308623,1.2242562231106533,0.026204239822981278,0.04567483481290703
1,0.009488089242684437,0.9771290551434823,1.210897571948667,0.002711305862892973,0.0010980939240297452
2,0.009485551271546138,0.9762891538379792,1.210561954219256,0.0016475261559677924,-0.0007050205965812355
3,0.009483226291381472,0.9748643255934769,1.2107663568851472,0.0006654657649664292,-0.002250385802210155
4,0.00947963449363448,0.9711790228341932,1.2121971064489123,-0.001867035662606338,-0.006769274166119832
5,0.009467797221357543,0.9572887804844551,1.2193609289627614,-0.004081249171083813,-0.00932725389044891
6,0.009459691623397671,0.9430369789677623,1.227737570848482,-0.002263167678219366,-0.005235059697251559
7,0.009457760611566555,0.9228691227705244,1.2395319304535195,-0.0017670482435258174,-0.0034960034954211326
8,0.009457760524887848,0.9228679647273194,1.2395326495470804,-0.0017670457689075963,-0.0034959969026936368
