step,loss,param_0,param_1,grad_param_0,grad_param_1
0,0.013094506132121814,0.9851323444190649,1.2254818981824442,0.02112492868180159,0.03912301927890563
1,0.012706886136809316,0.9790985585811134,1.213861140311641,0.009771115596329118,0.019909750418527362
2,0.012588633274086233,0.9739638282958618,1.201784879807976,-0.005318812631158383,-0.00715729469587545
3,0.012585896941160593,0.9745543700504733,1.202780039300215,-0.003284222362353624,-0.0037428708544970254
4,0.012585769182011009,0.9747657840031381,1.2030187196416562,-0.0027943221382702183,-0.002960283374019518
5,0.012585758300854176,0.9748537197316275,1.2030864685372014,-0.002469106705473285,-0.002407005928040938
6,0.012585758303277563,0.9748537197316275,1.2030864685372014,-0.0024691067172535833,-0.0024070059513890333
