step,loss,param_0,param_1,grad_param_0,grad_param_1
0,0.00786939904290066,0.991194043275369,1.238701981451892,0.03468173755223336,0.060016757182856616
1,0.007535179779239344,0.98061737479808,1.2193912121207984,-0.019590612946892395,-0.03582013599462556
2,0.007437423157772263,0.9844327930736076,1.2266102074483634,0.006898650372368748,0.01232026746530296
3,0.007431803669095248,0.9834387327272476,1.224762917909595,0.001028436239097312,0.003031690217533932
4,0.007431803441116157,0.9834387046473101,1.2247628137409186,0.0010284782325329024,0.00303176921202753
