step,loss,param_0,param_1,grad_param_0,grad_param_1
0,0.015357226372527696,0.9708128140553816,1.195420642365815,0.011184959096474874,0.020885467479879925
1,0.015295501614143513,0.967254214303705,1.1886217303305122,-0.00022008845610385576,-0.001100922726080469
2,0.015294987047611652,0.9673232312373692,1.1889619927390782,-4.0784136363592816e-05,-0.0004878797790188001
3,0.015294921068024988,0.9673239104051296,1.1890217691295617,8.02403791809749e-05,-0.00022289969468257832
4,0.015294898416325153,0.9672877006731049,1.1890883851087584,0.0004576918153656557,0.000443793489075521
5,0.015294898421294802,0.9672877006731049,1.1890883851087584,0.0004576917326421841,0.0004437932993043448
