step,loss,param_0,param_1,grad_param_0,grad_param_1
0,0.011154295306170892,0.9854449193225997,1.223269582761119,0.018003828912987685,0.04140892468295501
1,0.010809117601972255,0.9797415104413889,1.2103982319093904,0.0032000556866473183,0.015694055172578124
2,0.01078064567187866,0.9788086470875099,1.2023699967744255,-0.008200349523186132,-0.006021152735340825
3,0.010765266515805573,0.9804723441028917,1.2040748948134992,-0.003964257334471996,0.002184647085310359
4,0.01072432251682372,0.9903634353069685,1.2007180055436248,-0.001551498140060472,0.0063906636210079755
5,0.010525563992637852,1.05,1.1738808007870918,0.00450558965080748,0.01527078383171165
6,0.010477647803628028,1.05,1.1678705051022047,-0.0037985899117023722,-0.0008584693463256792
7,0.010477512039461727,1.05,1.1680116340893079,-0.0032289403882057137,0.00037089274327924355
8,0.010477512022938347,1.05,1.1680116224114663,-0.003228939423978726,0.00037089477285316783
