step,loss,param_0,param_1,grad_param_0,grad_param_1
0,0.00952920752907426,0.9855197679486877,1.2303970752204387,0.03210062597092832,0.05217957915313467
1,0.008980634268461267,0.9771259443500455,1.2153845870530584,0.01326858124153268,0.021039853144232047
2,0.00891030205642682,0.971203860556669,1.2052460993303813,0.001072417644729274,-6.600655173468676e-05
3,0.008910302014585855,0.9712036755585832,1.205246110613299,0.0010724493625850783,-6.594687825068799e-05
