step,loss,param_0,param_1,grad_param_0,grad_param_1
0,0.015161957232837295,1.0340271556388039,1.3300901161521428,0.05176797451536662,0.0742968684654712
1,0.011728838788025482,1.0014891992732307,1.2777622348160667,0.0399463783687496,0.06484979487771086
2,0.011092871180136852,0.9954954363976735,1.264311021906019,0.029475324819825517,0.04958284990464837
3,0.01055122266992025,0.9826124555796144,1.2426395082541444,0.00264397381861879,0.005336130902995308
4,0.010550820130999072,0.9822849054836164,1.2419638136573077,0.0020705608287615584,0.00427488251299513
5,0.010550769770705343,0.9820231549603133,1.2413572038633445,0.00168361202094235,0.00366757342268987
6,0.010550769769970372,0.9820231525151736,1.2413571952748934,0.0016836147710289403,0.003667578590795034
