step,loss,param_0,param_1,grad_param_0,grad_param_1
0,0.015848015697090538,1.0437011371601934,1.3484603012372365,0.03553618292060186,0.049974863107757894
1,0.011635148746901022,0.9802529802461155,1.2518373222626291,0.00874499345195896,0.019247001380216844
2,0.011505782678622779,0.9752018782703465,1.236185783128635,-0.0009705534710502048,0.0036007804173662995
3,0.011501237248478992,0.9766627450523867,1.231989976934592,-0.003051238459888114,-0.0008002003325151812
4,0.011396976052914242,1.0381892590584,1.1976529466078354,-0.002922393428134086,-0.0027320475244864096
5,0.011380336496747273,1.05,1.1942041911902153,0.0002915678366491967,0.0026763539211557305
6,0.011379968584673243,1.05,1.1935920795475887,-0.0005750868373019021,0.0011178081696370896
7,0.011379962325301713,1.05,1.1934364916668228,-0.0005991589687666535,0.0011008464573753446
8,0.011379962325370111,1.05,1.1934364916668228,-0.0005991589694312148,0.0011008464557009097
