step,loss,param_0,param_1,grad_param_0,grad_param_1
0,0.01980620110809235,0.9791810361982219,1.2008383661935536,0.008554941555021098,0.028263586183704573
1,0.019537966731396232,0.9722666445049898,1.1828160484692565,0.0017704107266551812,0.014725428434914395
2,0.01950785225731367,0.9719877510101043,1.1756868988609366,-0.004672821517420387,0.002103903734956951
3,0.019494608160513693,0.9748692848357778,1.1731307721338602,-0.006066353848106382,-0.0005389642821295709
4,0.01930057611054792,1.0207419702538216,1.142850102606145,-0.010884677517403886,-0.011336387703863474
5,0.0191559303272729,1.05,1.1274554085894295,-0.009958218357420289,-0.009355353719955838
6,0.019080183054831213,1.05,1.1366670763083653,-0.006480881510021715,-0.0021867012016165725
7,0.01907806803549042,1.05,1.137592348818665,-0.004972104401476502,0.0013073055069208034
8,0.0190780680364232,1.05,1.137592348818665,-0.004972104662140638,0.0013073050996592773
