step,loss,param_0,param_1,grad_param_0,grad_param_1
0,0.021529631261530593,0.9619442194626293,1.179682005809083,0.004951384543242584,0.0019927086271058925
1,0.02150563556558375,0.9560838764470354,1.177320604579058,0.0009805181000336243,-0.006075227038764804
2,0.021496508956172257,0.9544653364606908,1.1791831482263953,0.002491413738366189,-0.002946638053549384
3,0.021308240005332803,0.9,1.2124704143187706,0.006707654803047819,0.005025480035767712
4,0.021304189148457102,0.9,1.2114702933190724,0.005914666320662439,0.003441890259915774
5,0.021299881988048882,0.9,1.2092965569259169,0.003767327840457171,-0.00027803122904107233
6,0.02129988212368341,0.9,1.2092965569259169,0.0037673263616379757,-0.00027803436420904435
