step,loss,param_0,param_1,grad_param_0,grad_param_1
0,0.014355254442058464,0.9819524336374938,1.2171527655487524,0.01403800783132279,0.027736138118564763
1,0.014147453691815026,0.977572898431831,1.2084304734411588,0.005778026734593664,0.012843424034284876
2,0.014077028666473335,0.974541488001667,1.2008905600239612,-0.0036532793339798847,-0.0038048084298557914
3,0.014076953925461069,0.9746002364234443,1.200968117158807,-0.0033350540203597344,-0.0031928987184816327
4,0.014076937057924612,0.974732986062773,1.2010528923997597,-0.0023044059761274304,-0.0014516757637001501
5,0.014076934784027504,0.9750623976356985,1.201104274579866,-0.002092078526635825,-0.0010410046685385454
6,0.01407692100687828,0.9752106268098916,1.2011066500627667,-0.0019672445568053695,-0.0008540401174057955
7,0.014076880955968773,0.9772197796661145,1.2009276175415249,-0.001022669813653434,0.0008550935425281741
8,0.0140768808334495,0.9772402495732806,1.2009236001352845,-0.0009705202893829293,0.0009542860386456937
