step,loss,param_0,param_1,grad_param_0,grad_param_1
0,0.015765987240248514,0.9623731257556087,1.1801923204687805,0.017335242289272378,0.02140911558510139
1,0.01566529554960418,0.9587497256260048,1.1752367682699076,0.00938687412683219,0.006047015053357668
2,0.015644239367568404,0.9547565447748125,1.173138134163138,0.003480071386482132,-0.005590558924598095
3,0.015420475804633132,0.908690374515102,1.1926146529501565,-0.003293692352137644,-0.018354896947686057
4,0.01536759025848118,0.9082588672395437,1.2001463993006263,0.01009547683063985,0.006885920817471284
5,0.01532722671359149,0.9,1.2010340085278959,0.002927481014298206,-0.006705091826107177
6,0.015319274913007738,0.9,1.2027061796681031,0.0055206559254450446,-0.0019538288301839974
7,0.015318504737576663,0.9,1.2030487113556083,0.006792404074998126,0.0005841466807997991
8,0.015318504726541117,0.9,1.20304870768069,0.006792405378340433,0.0005841493057299777
