step,loss,param_0,param_1,grad_param_0,grad_param_1
0,0.009465204437041238,0.985260350657049,1.225886837522137,0.0291009254140562,0.04964078957209653
1,0.009065433691685946,0.9771752362644014,1.2114875323786787,0.00011261084126237288,-0.005501752200812391
2,0.009064679760132423,0.9771644948478642,1.2129133337701898,0.002948063298733071,0.00013185045781387511
3,0.009038279216734918,0.9635945854984675,1.2191604876693192,0.0019520626673473662,-4.779300600097182e-05
4,0.00902532917961846,0.9342405201203153,1.232791843324238,-0.006485628497426651,-0.012872011359414315
5,0.009013298232182266,0.926872523253804,1.2388027734281895,-0.0026697229540414854,-0.005236954608614832
6,0.009012745730109984,0.9258589067581864,1.2396973874696322,-0.0013966073480172268,-0.002939749065853818
7,0.009012745732290795,0.9258589067581864,1.2396973874696322,-0.0013966073464862635,-0.0029397490786486364
