step,loss,param_0,param_1,grad_param_0,grad_param_1
0,0.018996758501573795,0.9706113985446151,1.1915061435774323,0.0012123516976335596,0.009118627097586384
1,0.01898620151966865,0.9700404891001795,1.1878232449287327,-0.002317928102191947,0.0023578422902895985
2,0.018982705109767555,0.9713309233258609,1.1860607334216726,-0.003647906246209756,-0.00028714899301489566
3,0.018927072075504564,1.0030449154110537,1.1621720669181284,-0.00936170961835433,-0.012222053687056958
4,0.018791901782918584,1.05,1.1384592091962173,-0.00963872636175353,-0.013907380746945107
5,0.01872172069091807,1.05,1.1463463594983185,-0.004790683490783614,-0.003489335705428152
6,0.01871506232602325,1.05,1.1489880177992307,-0.0023987862742611355,0.00197751296720158
7,0.018715054052598396,1.05,1.1489133444272086,-0.0027718582805216253,0.0012436163303913067
8,0.01871505405253618,1.05,1.1489133443868058,-0.002771858269629015,0.0012436163515992416
