step,loss,param_0,param_1,grad_param_0,grad_param_1
0,0.0069965755036407885,0.9845440560242714,1.2396958400131142,0.07903444549853955,0.12517069916802898
1,0.004697037934535058,0.970611009279785,1.2107462141260223,-0.017336340314469286,-0.03674623999676968
2,0.0046549843272870135,0.9716782848680934,1.2136504576857743,0.0004264494120670584,-0.0029063791229342016
3,0.004654984372860597,0.9716782848680934,1.2136504576857743,0.00042644954752183925,-0.002906378937950906
